filename,image_id
scene_1_00006.jpg,id_6
scene_1_00007.jpg,id_7
scene_1_00009.jpg,id_9
scene_1_00011.jpg,id_11
scene_1_00012.jpg,id_12
scene_1_00014.jpg,id_14
scene_1_00024.jpg,id_24
scene_1_00027.jpg,id_27
scene_1_00029.jpg,id_29
scene_1_00035.jpg,id_35
scene_1_00057.jpg,id_57
scene_1_00060.jpg,id_60
scene_1_00061.jpg,id_61
scene_1_00064.jpg,id_64
scene_1_00068.jpg,id_68
scene_1_00069.jpg,id_69
scene_1_00070.jpg,id_70
scene_1_00073.jpg,id_73
scene_1_00075.jpg,id_75
scene_1_00081.jpg,id_81
scene_1_00082.jpg,id_82
scene_1_00085.jpg,id_85
scene_1_00101.jpg,id_101
scene_1_00102.jpg,id_102
scene_1_00107.jpg,id_107
scene_1_00108.jpg,id_108
scene_1_00110.jpg,id_110
scene_1_00113.jpg,id_113
scene_1_00124.jpg,id_124
scene_1_00127.jpg,id_127
scene_1_00131.jpg,id_131
scene_1_00132.jpg,id_132
scene_1_00134.jpg,id_134
scene_1_00138.jpg,id_138
scene_1_00144.jpg,id_144
scene_1_00150.jpg,id_150
scene_1_00152.jpg,id_152
scene_1_00162.jpg,id_162
scene_1_00163.jpg,id_163
scene_1_00165.jpg,id_165
scene_1_00167.jpg,id_167
scene_1_00168.jpg,id_168
scene_1_00174.jpg,id_174
scene_1_00182.jpg,id_182
scene_1_00183.jpg,id_183
scene_1_00185.jpg,id_185
scene_1_00190.jpg,id_190
scene_1_00196.jpg,id_196
scene_1_00197.jpg,id_197
scene_1_00198.jpg,id_198
scene_1_00202.jpg,id_202
scene_1_00204.jpg,id_204
scene_1_00211.jpg,id_211
scene_1_00222.jpg,id_222
scene_1_00228.jpg,id_228
scene_1_00230.jpg,id_230
scene_1_00233.jpg,id_233
scene_1_00235.jpg,id_235
scene_1_00236.jpg,id_236
scene_1_00237.jpg,id_237
scene_1_00241.jpg,id_241
scene_1_00242.jpg,id_242
scene_1_00251.jpg,id_251
scene_1_00252.jpg,id_252
scene_1_00256.jpg,id_256
scene_1_00258.jpg,id_258
scene_1_00260.jpg,id_260
scene_1_00263.jpg,id_263
scene_1_00264.jpg,id_264
scene_1_00268.jpg,id_268
scene_1_00273.jpg,id_273
scene_1_00280.jpg,id_280
scene_1_00283.jpg,id_283
scene_1_00285.jpg,id_285
scene_1_00286.jpg,id_286
scene_1_00287.jpg,id_287
scene_1_00291.jpg,id_291
scene_1_00298.jpg,id_298
scene_1_00299.jpg,id_299
scene_1_00301.jpg,id_301
scene_1_00303.jpg,id_303
scene_1_00305.jpg,id_305
scene_1_00318.jpg,id_318
scene_1_00325.jpg,id_325
scene_1_00327.jpg,id_327
scene_1_00329.jpg,id_329
scene_1_00336.jpg,id_336
scene_1_00341.jpg,id_341
scene_1_00342.jpg,id_342
scene_1_00343.jpg,id_343
scene_1_00344.jpg,id_344
scene_1_00347.jpg,id_347
scene_1_00349.jpg,id_349
scene_1_00356.jpg,id_356
scene_1_00357.jpg,id_357
scene_1_00359.jpg,id_359
scene_1_00361.jpg,id_361
scene_1_00363.jpg,id_363
scene_1_00373.jpg,id_373
scene_1_00374.jpg,id_374
scene_1_00376.jpg,id_376
scene_1_00381.jpg,id_381
scene_1_00383.jpg,id_383
scene_1_00386.jpg,id_386
scene_1_00391.jpg,id_391
scene_1_00394.jpg,id_394
scene_1_00400.jpg,id_400
scene_1_00403.jpg,id_403
scene_1_00408.jpg,id_408
scene_1_00414.jpg,id_414
scene_1_00415.jpg,id_415
scene_1_00419.jpg,id_419
scene_1_00421.jpg,id_421
scene_1_00422.jpg,id_422
scene_1_00432.jpg,id_432
scene_1_00438.jpg,id_438
scene_1_00441.jpg,id_441
scene_1_00445.jpg,id_445
scene_1_00448.jpg,id_448
scene_1_00452.jpg,id_452
scene_1_00454.jpg,id_454
scene_1_00460.jpg,id_460
scene_1_00465.jpg,id_465
scene_1_00467.jpg,id_467
scene_1_00469.jpg,id_469
scene_1_00471.jpg,id_471
scene_1_00481.jpg,id_481
scene_1_00483.jpg,id_483
scene_1_00486.jpg,id_486
scene_1_00489.jpg,id_489
scene_1_00496.jpg,id_496
scene_1_00498.jpg,id_498
scene_1_00505.jpg,id_505
scene_1_00510.jpg,id_510
scene_1_00511.jpg,id_511
scene_1_00515.jpg,id_515
scene_1_00522.jpg,id_522
scene_1_00527.jpg,id_527
scene_1_00530.jpg,id_530
scene_1_00534.jpg,id_534
scene_1_00535.jpg,id_535
scene_1_00539.jpg,id_539
scene_1_00543.jpg,id_543
scene_1_00544.jpg,id_544
scene_1_00546.jpg,id_546
scene_1_00548.jpg,id_548
scene_1_00550.jpg,id_550
scene_1_00551.jpg,id_551
scene_1_00553.jpg,id_553
scene_1_00554.jpg,id_554
scene_1_00560.jpg,id_560
scene_1_00562.jpg,id_562
scene_1_00563.jpg,id_563
scene_1_00565.jpg,id_565
scene_1_00569.jpg,id_569
scene_1_00570.jpg,id_570
scene_1_00574.jpg,id_574
scene_1_00591.jpg,id_591
scene_1_00592.jpg,id_592
scene_1_00594.jpg,id_594
scene_1_00595.jpg,id_595
scene_1_00597.jpg,id_597
scene_1_00609.jpg,id_609
scene_1_00613.jpg,id_613
scene_1_00615.jpg,id_615
scene_1_00621.jpg,id_621
scene_1_00626.jpg,id_626
scene_1_00632.jpg,id_632
scene_1_00639.jpg,id_639
scene_1_00640.jpg,id_640
scene_1_00654.jpg,id_654
scene_1_00662.jpg,id_662
scene_1_00669.jpg,id_669
scene_1_00670.jpg,id_670
scene_1_00679.jpg,id_679
scene_1_00681.jpg,id_681
scene_1_00683.jpg,id_683
scene_1_00687.jpg,id_687
scene_1_00692.jpg,id_692
scene_1_00693.jpg,id_693
scene_1_00696.jpg,id_696
scene_1_00699.jpg,id_699
scene_1_00705.jpg,id_705
scene_1_00710.jpg,id_710
scene_1_00712.jpg,id_712
scene_1_00713.jpg,id_713
scene_1_00717.jpg,id_717
scene_1_00729.jpg,id_729
scene_1_00731.jpg,id_731
scene_1_00732.jpg,id_732
scene_1_00738.jpg,id_738
scene_1_00742.jpg,id_742
scene_1_00743.jpg,id_743
scene_1_00744.jpg,id_744
scene_1_00746.jpg,id_746
scene_1_00749.jpg,id_749
scene_1_00752.jpg,id_752
scene_1_00756.jpg,id_756
scene_1_00757.jpg,id_757
scene_1_00759.jpg,id_759
scene_1_00761.jpg,id_761
scene_1_00766.jpg,id_766
scene_1_00770.jpg,id_770
scene_1_00772.jpg,id_772
scene_1_00776.jpg,id_776
scene_1_00780.jpg,id_780
scene_1_00783.jpg,id_783
scene_1_00786.jpg,id_786
scene_1_00789.jpg,id_789
scene_1_00796.jpg,id_796
scene_1_00809.jpg,id_809
scene_1_00812.jpg,id_812
scene_1_00813.jpg,id_813
scene_1_00815.jpg,id_815
scene_1_00817.jpg,id_817
scene_1_00825.jpg,id_825
scene_1_00827.jpg,id_827
scene_1_00828.jpg,id_828
scene_1_00832.jpg,id_832
scene_1_00834.jpg,id_834
scene_1_00835.jpg,id_835
scene_1_00841.jpg,id_841
scene_1_00845.jpg,id_845
scene_1_00846.jpg,id_846
scene_1_00847.jpg,id_847
scene_1_00851.jpg,id_851
scene_1_00859.jpg,id_859
scene_1_00860.jpg,id_860
scene_1_00869.jpg,id_869
scene_1_00871.jpg,id_871
scene_1_00872.jpg,id_872
scene_1_00882.jpg,id_882
scene_1_00888.jpg,id_888
scene_1_00891.jpg,id_891
scene_1_00896.jpg,id_896
scene_1_00899.jpg,id_899
scene_1_00901.jpg,id_901
scene_1_00903.jpg,id_903
scene_1_00906.jpg,id_906
scene_1_00907.jpg,id_907
scene_1_00910.jpg,id_910
scene_1_00915.jpg,id_915
scene_1_00934.jpg,id_934
scene_1_00935.jpg,id_935
scene_1_00951.jpg,id_951
scene_1_00954.jpg,id_954
scene_1_00955.jpg,id_955
scene_1_00957.jpg,id_957
scene_1_00965.jpg,id_965
scene_1_00972.jpg,id_972
scene_1_00984.jpg,id_984
scene_1_00989.jpg,id_989
scene_1_00993.jpg,id_993
scene_1_00996.jpg,id_996
scene_1_00997.jpg,id_997
scene_1_00998.jpg,id_998
scene_1_01003.jpg,id_1003
scene_1_01012.jpg,id_1012
scene_1_01013.jpg,id_1013
scene_1_01018.jpg,id_1018
scene_1_01021.jpg,id_1021
scene_1_01023.jpg,id_1023
scene_1_01024.jpg,id_1024
scene_1_01028.jpg,id_1028
scene_1_01029.jpg,id_1029
scene_1_01030.jpg,id_1030
scene_1_01031.jpg,id_1031
scene_1_01035.jpg,id_1035
scene_1_01037.jpg,id_1037
scene_1_01039.jpg,id_1039
scene_1_01042.jpg,id_1042
scene_1_01043.jpg,id_1043
scene_1_01047.jpg,id_1047
scene_1_01049.jpg,id_1049
scene_1_01050.jpg,id_1050
scene_1_01055.jpg,id_1055
scene_1_01057.jpg,id_1057
scene_1_01058.jpg,id_1058
scene_1_01063.jpg,id_1063
scene_1_01069.jpg,id_1069
scene_1_01081.jpg,id_1081
scene_1_01084.jpg,id_1084
scene_1_01090.jpg,id_1090
scene_1_01094.jpg,id_1094
scene_1_01096.jpg,id_1096
scene_1_01110.jpg,id_1110
scene_1_01112.jpg,id_1112
scene_1_01120.jpg,id_1120
scene_1_01122.jpg,id_1122
scene_1_01127.jpg,id_1127
scene_1_01134.jpg,id_1134
scene_1_01137.jpg,id_1137
scene_1_01143.jpg,id_1143
scene_1_01145.jpg,id_1145
scene_1_01153.jpg,id_1153
scene_1_01165.jpg,id_1165
scene_1_01181.jpg,id_1181
scene_1_01185.jpg,id_1185
scene_1_01186.jpg,id_1186
scene_1_01189.jpg,id_1189
scene_1_01190.jpg,id_1190
scene_1_01193.jpg,id_1193
scene_1_01196.jpg,id_1196
scene_1_01198.jpg,id_1198
scene_1_01199.jpg,id_1199
scene_1_01203.jpg,id_1203
scene_1_01207.jpg,id_1207
scene_1_01210.jpg,id_1210
scene_1_01211.jpg,id_1211
scene_1_01214.jpg,id_1214
scene_1_01220.jpg,id_1220
scene_1_01227.jpg,id_1227
scene_1_01241.jpg,id_1241
scene_1_01242.jpg,id_1242
scene_1_01243.jpg,id_1243
scene_1_01244.jpg,id_1244
scene_1_01246.jpg,id_1246
scene_1_01247.jpg,id_1247
scene_1_01264.jpg,id_1264
scene_1_01265.jpg,id_1265
scene_1_01271.jpg,id_1271
scene_1_01273.jpg,id_1273
scene_1_01275.jpg,id_1275
scene_1_01278.jpg,id_1278
scene_1_01280.jpg,id_1280
scene_1_01284.jpg,id_1284
scene_1_01293.jpg,id_1293
scene_1_01295.jpg,id_1295
scene_1_01300.jpg,id_1300
scene_1_01303.jpg,id_1303
scene_1_01304.jpg,id_1304
scene_1_01311.jpg,id_1311
scene_1_01314.jpg,id_1314
scene_1_01318.jpg,id_1318
scene_1_01321.jpg,id_1321
scene_1_01336.jpg,id_1336
scene_1_01355.jpg,id_1355
scene_1_01357.jpg,id_1357
scene_1_01360.jpg,id_1360
scene_1_01366.jpg,id_1366
scene_1_01386.jpg,id_1386
scene_1_01394.jpg,id_1394
scene_1_01395.jpg,id_1395
scene_1_01396.jpg,id_1396
scene_1_01401.jpg,id_1401
scene_1_01403.jpg,id_1403
scene_1_01404.jpg,id_1404
scene_1_01405.jpg,id_1405
scene_1_01408.jpg,id_1408
scene_1_01411.jpg,id_1411
scene_1_01415.jpg,id_1415
scene_1_01422.jpg,id_1422
scene_1_01431.jpg,id_1431
scene_1_01434.jpg,id_1434
scene_1_01440.jpg,id_1440
scene_1_01443.jpg,id_1443
scene_1_01446.jpg,id_1446
scene_1_01448.jpg,id_1448
scene_1_01450.jpg,id_1450
scene_1_01452.jpg,id_1452
scene_1_01455.jpg,id_1455
scene_1_01458.jpg,id_1458
scene_1_01461.jpg,id_1461
scene_1_01462.jpg,id_1462
scene_1_01468.jpg,id_1468
scene_1_01470.jpg,id_1470
scene_1_01476.jpg,id_1476
scene_1_01478.jpg,id_1478
scene_1_01482.jpg,id_1482
scene_1_01496.jpg,id_1496
scene_1_01497.jpg,id_1497
scene_1_01504.jpg,id_1504
scene_1_01511.jpg,id_1511
scene_1_01512.jpg,id_1512
scene_1_01516.jpg,id_1516
scene_1_01517.jpg,id_1517
scene_1_01518.jpg,id_1518
scene_1_01520.jpg,id_1520
scene_1_01527.jpg,id_1527
scene_1_01530.jpg,id_1530
scene_1_01532.jpg,id_1532
scene_1_01535.jpg,id_1535
scene_1_01541.jpg,id_1541
scene_1_01542.jpg,id_1542
scene_1_01546.jpg,id_1546
scene_1_01553.jpg,id_1553
scene_1_01554.jpg,id_1554
scene_1_01562.jpg,id_1562
scene_1_01565.jpg,id_1565
scene_1_01568.jpg,id_1568
scene_1_01570.jpg,id_1570
scene_1_01581.jpg,id_1581
scene_1_01582.jpg,id_1582
scene_1_01595.jpg,id_1595
scene_1_01596.jpg,id_1596
scene_1_01600.jpg,id_1600
scene_1_01612.jpg,id_1612
scene_1_01616.jpg,id_1616
scene_1_01622.jpg,id_1622
scene_1_01624.jpg,id_1624
scene_1_01628.jpg,id_1628
scene_1_01630.jpg,id_1630
scene_1_01633.jpg,id_1633
scene_1_01636.jpg,id_1636
scene_1_01644.jpg,id_1644
scene_1_01649.jpg,id_1649
scene_1_01651.jpg,id_1651
scene_1_01659.jpg,id_1659
scene_1_01661.jpg,id_1661
scene_1_01662.jpg,id_1662
scene_1_01664.jpg,id_1664
scene_1_01667.jpg,id_1667
scene_1_01673.jpg,id_1673
scene_1_01674.jpg,id_1674
scene_1_01676.jpg,id_1676
scene_1_01680.jpg,id_1680
scene_1_01686.jpg,id_1686
scene_1_01687.jpg,id_1687
scene_1_01695.jpg,id_1695
scene_1_01701.jpg,id_1701
scene_1_01705.jpg,id_1705
scene_1_01710.jpg,id_1710
scene_1_01716.jpg,id_1716
scene_1_01718.jpg,id_1718
scene_1_01722.jpg,id_1722
scene_1_01728.jpg,id_1728
scene_1_01730.jpg,id_1730
scene_1_01735.jpg,id_1735
scene_1_01740.jpg,id_1740
scene_1_01741.jpg,id_1741
scene_1_01742.jpg,id_1742
scene_1_01744.jpg,id_1744
scene_1_01749.jpg,id_1749
scene_1_01751.jpg,id_1751
scene_1_01754.jpg,id_1754
scene_1_01757.jpg,id_1757
scene_1_01760.jpg,id_1760
scene_1_01761.jpg,id_1761
scene_1_01766.jpg,id_1766
scene_1_01768.jpg,id_1768
scene_1_01773.jpg,id_1773
scene_1_01779.jpg,id_1779
scene_1_01780.jpg,id_1780
scene_1_01791.jpg,id_1791
scene_1_01804.jpg,id_1804
scene_1_01809.jpg,id_1809
scene_1_01814.jpg,id_1814
scene_1_01816.jpg,id_1816
scene_1_01817.jpg,id_1817
scene_1_01818.jpg,id_1818
scene_1_01821.jpg,id_1821
scene_1_01826.jpg,id_1826
scene_1_01834.jpg,id_1834
scene_1_01842.jpg,id_1842
scene_1_01844.jpg,id_1844
scene_1_01846.jpg,id_1846
scene_1_01847.jpg,id_1847
scene_1_01850.jpg,id_1850
scene_1_01855.jpg,id_1855
scene_1_01859.jpg,id_1859
scene_1_01860.jpg,id_1860
scene_1_01869.jpg,id_1869
scene_1_01870.jpg,id_1870
scene_1_01876.jpg,id_1876
scene_1_01878.jpg,id_1878
scene_1_01881.jpg,id_1881
scene_1_01882.jpg,id_1882
scene_1_01883.jpg,id_1883
scene_1_01884.jpg,id_1884
scene_1_01886.jpg,id_1886
scene_1_01888.jpg,id_1888
scene_1_01890.jpg,id_1890
scene_1_01894.jpg,id_1894
scene_1_01896.jpg,id_1896
scene_1_01897.jpg,id_1897
scene_1_01902.jpg,id_1902
scene_1_01903.jpg,id_1903
scene_1_01906.jpg,id_1906
scene_1_01918.jpg,id_1918
scene_1_01928.jpg,id_1928
scene_1_01929.jpg,id_1929
scene_1_01937.jpg,id_1937
scene_1_01939.jpg,id_1939
scene_1_01941.jpg,id_1941
scene_1_01945.jpg,id_1945
scene_1_01946.jpg,id_1946
scene_1_01947.jpg,id_1947
scene_1_01958.jpg,id_1958
scene_1_01959.jpg,id_1959
scene_1_01961.jpg,id_1961
scene_1_01962.jpg,id_1962
scene_1_01969.jpg,id_1969
scene_1_01972.jpg,id_1972
scene_1_01983.jpg,id_1983
scene_1_01985.jpg,id_1985
scene_1_01986.jpg,id_1986
scene_1_01988.jpg,id_1988
scene_1_01999.jpg,id_1999
scene_1_02005.jpg,id_2005
scene_1_02006.jpg,id_2006
scene_1_02010.jpg,id_2010
scene_1_02011.jpg,id_2011
scene_1_02013.jpg,id_2013
scene_1_02014.jpg,id_2014
scene_1_02015.jpg,id_2015
scene_1_02016.jpg,id_2016
scene_1_02019.jpg,id_2019
scene_1_02026.jpg,id_2026
scene_1_02028.jpg,id_2028
scene_1_02029.jpg,id_2029
scene_1_02030.jpg,id_2030
scene_1_02033.jpg,id_2033
scene_1_02034.jpg,id_2034
scene_1_02035.jpg,id_2035
scene_1_02039.jpg,id_2039
scene_1_02043.jpg,id_2043
scene_1_02046.jpg,id_2046
scene_1_02057.jpg,id_2057
scene_1_02063.jpg,id_2063
scene_1_02064.jpg,id_2064
scene_1_02070.jpg,id_2070
scene_1_02072.jpg,id_2072
scene_1_02084.jpg,id_2084
scene_1_02087.jpg,id_2087
scene_1_02088.jpg,id_2088
scene_1_02089.jpg,id_2089
scene_1_02097.jpg,id_2097
scene_1_02101.jpg,id_2101
scene_1_02103.jpg,id_2103
scene_1_02105.jpg,id_2105
scene_1_02107.jpg,id_2107
scene_1_02108.jpg,id_2108
scene_1_02110.jpg,id_2110
scene_1_02112.jpg,id_2112
scene_1_02114.jpg,id_2114
scene_1_02117.jpg,id_2117
scene_1_02119.jpg,id_2119
scene_1_02120.jpg,id_2120
scene_1_02129.jpg,id_2129
scene_1_02131.jpg,id_2131
scene_1_02133.jpg,id_2133
scene_1_02137.jpg,id_2137
scene_1_02139.jpg,id_2139
scene_1_02142.jpg,id_2142
scene_1_02149.jpg,id_2149
scene_1_02151.jpg,id_2151
scene_1_02153.jpg,id_2153
scene_1_02156.jpg,id_2156
scene_1_02161.jpg,id_2161
scene_1_02162.jpg,id_2162
scene_1_02167.jpg,id_2167
scene_1_02178.jpg,id_2178
scene_1_02186.jpg,id_2186
scene_1_02191.jpg,id_2191
scene_1_02196.jpg,id_2196
scene_1_02202.jpg,id_2202
scene_1_02206.jpg,id_2206
scene_1_02207.jpg,id_2207
scene_1_02209.jpg,id_2209
scene_1_02210.jpg,id_2210
scene_1_02215.jpg,id_2215
scene_1_02222.jpg,id_2222
scene_1_02223.jpg,id_2223
scene_1_02228.jpg,id_2228
scene_1_02233.jpg,id_2233
scene_1_02237.jpg,id_2237
scene_1_02238.jpg,id_2238
scene_1_02241.jpg,id_2241
scene_1_02254.jpg,id_2254
scene_1_02261.jpg,id_2261
scene_1_02262.jpg,id_2262
scene_1_02267.jpg,id_2267
scene_1_02271.jpg,id_2271
scene_1_02276.jpg,id_2276
scene_1_02279.jpg,id_2279
scene_1_02285.jpg,id_2285
scene_1_02296.jpg,id_2296
scene_1_02302.jpg,id_2302
scene_1_02305.jpg,id_2305
scene_1_02306.jpg,id_2306
scene_1_02312.jpg,id_2312
scene_1_02318.jpg,id_2318
scene_1_02324.jpg,id_2324
scene_1_02329.jpg,id_2329
scene_1_02331.jpg,id_2331
scene_1_02333.jpg,id_2333
scene_1_02344.jpg,id_2344
scene_1_02347.jpg,id_2347
scene_1_02349.jpg,id_2349
scene_1_02350.jpg,id_2350
scene_1_02354.jpg,id_2354
scene_1_02355.jpg,id_2355
scene_1_02357.jpg,id_2357
scene_1_02359.jpg,id_2359
scene_1_02360.jpg,id_2360
scene_1_02361.jpg,id_2361
scene_1_02362.jpg,id_2362
scene_1_02368.jpg,id_2368
scene_1_02373.jpg,id_2373
scene_1_02381.jpg,id_2381
scene_1_02384.jpg,id_2384
scene_1_02395.jpg,id_2395
scene_1_02412.jpg,id_2412
scene_1_02415.jpg,id_2415
scene_1_02416.jpg,id_2416
scene_1_02418.jpg,id_2418
scene_1_02421.jpg,id_2421
scene_1_02424.jpg,id_2424
scene_1_02425.jpg,id_2425
scene_1_02426.jpg,id_2426
scene_1_02449.jpg,id_2449
scene_1_02450.jpg,id_2450
scene_1_02459.jpg,id_2459
scene_1_02466.jpg,id_2466
scene_1_02473.jpg,id_2473
scene_1_02476.jpg,id_2476
scene_1_02478.jpg,id_2478
scene_1_02480.jpg,id_2480
scene_1_02482.jpg,id_2482
scene_1_02484.jpg,id_2484
scene_1_02487.jpg,id_2487
scene_1_02493.jpg,id_2493
scene_1_02495.jpg,id_2495
scene_1_02498.jpg,id_2498
scene_1_02499.jpg,id_2499
scene_1_02505.jpg,id_2505
scene_1_02509.jpg,id_2509
scene_1_02515.jpg,id_2515
scene_1_02526.jpg,id_2526
scene_1_02527.jpg,id_2527
scene_1_02534.jpg,id_2534
scene_1_02544.jpg,id_2544
scene_1_02557.jpg,id_2557
scene_1_02559.jpg,id_2559
scene_1_02570.jpg,id_2570
scene_1_02575.jpg,id_2575
scene_1_02579.jpg,id_2579
scene_1_02580.jpg,id_2580
scene_1_02583.jpg,id_2583
scene_1_02585.jpg,id_2585
scene_1_02592.jpg,id_2592
scene_1_02600.jpg,id_2600
scene_1_02603.jpg,id_2603
scene_1_02608.jpg,id_2608
scene_1_02612.jpg,id_2612
scene_1_02616.jpg,id_2616
scene_1_02620.jpg,id_2620
scene_1_02624.jpg,id_2624
scene_1_02628.jpg,id_2628
scene_1_02630.jpg,id_2630
scene_1_02632.jpg,id_2632
scene_1_02633.jpg,id_2633
scene_1_02635.jpg,id_2635
scene_1_02642.jpg,id_2642
scene_1_02643.jpg,id_2643
scene_1_02645.jpg,id_2645
scene_1_02650.jpg,id_2650
scene_1_02651.jpg,id_2651
scene_1_02654.jpg,id_2654
scene_1_02659.jpg,id_2659
scene_1_02666.jpg,id_2666
scene_1_02667.jpg,id_2667
scene_1_02680.jpg,id_2680
scene_1_02681.jpg,id_2681
scene_1_02686.jpg,id_2686
scene_1_02690.jpg,id_2690
scene_1_02691.jpg,id_2691
scene_1_02695.jpg,id_2695
scene_1_02697.jpg,id_2697
scene_1_02699.jpg,id_2699
scene_1_02700.jpg,id_2700
scene_1_02701.jpg,id_2701
scene_1_02712.jpg,id_2712
scene_1_02714.jpg,id_2714
scene_1_02732.jpg,id_2732
scene_1_02734.jpg,id_2734
scene_1_02740.jpg,id_2740
scene_1_02744.jpg,id_2744
scene_1_02746.jpg,id_2746
scene_1_02747.jpg,id_2747
scene_1_02748.jpg,id_2748
scene_1_02749.jpg,id_2749
scene_1_02754.jpg,id_2754
scene_1_02762.jpg,id_2762
scene_1_02763.jpg,id_2763
scene_1_02767.jpg,id_2767
scene_1_02768.jpg,id_2768
scene_1_02770.jpg,id_2770
scene_1_02772.jpg,id_2772
scene_1_02773.jpg,id_2773
scene_1_02774.jpg,id_2774
scene_1_02775.jpg,id_2775
scene_1_02783.jpg,id_2783
scene_1_02790.jpg,id_2790
scene_1_02792.jpg,id_2792
scene_1_02795.jpg,id_2795
scene_1_02797.jpg,id_2797
scene_1_02798.jpg,id_2798
scene_1_02799.jpg,id_2799
scene_1_02800.jpg,id_2800
scene_1_02803.jpg,id_2803
scene_1_02814.jpg,id_2814
scene_1_02821.jpg,id_2821
scene_1_02842.jpg,id_2842
scene_1_02845.jpg,id_2845
scene_1_02858.jpg,id_2858
scene_1_02863.jpg,id_2863
scene_1_02865.jpg,id_2865
scene_1_02872.jpg,id_2872
scene_1_02873.jpg,id_2873
scene_1_02877.jpg,id_2877
scene_1_02879.jpg,id_2879
scene_1_02880.jpg,id_2880
scene_1_02881.jpg,id_2881
scene_1_02884.jpg,id_2884
scene_1_02895.jpg,id_2895
scene_1_02905.jpg,id_2905
scene_1_02909.jpg,id_2909
scene_1_02913.jpg,id_2913
scene_1_02914.jpg,id_2914
scene_1_02922.jpg,id_2922
scene_1_02924.jpg,id_2924
scene_1_02928.jpg,id_2928
scene_1_02930.jpg,id_2930
scene_1_02935.jpg,id_2935
scene_1_02936.jpg,id_2936
scene_1_02939.jpg,id_2939
scene_1_02943.jpg,id_2943
scene_1_02944.jpg,id_2944
scene_1_02945.jpg,id_2945
scene_1_02954.jpg,id_2954
scene_1_02956.jpg,id_2956
scene_1_02960.jpg,id_2960
scene_1_02966.jpg,id_2966
scene_1_02973.jpg,id_2973
scene_1_02975.jpg,id_2975
scene_1_02983.jpg,id_2983
scene_1_02984.jpg,id_2984
scene_1_02985.jpg,id_2985
scene_1_02990.jpg,id_2990
scene_1_02991.jpg,id_2991
scene_1_03012.jpg,id_3012
scene_1_03015.jpg,id_3015
scene_1_03016.jpg,id_3016
scene_1_03019.jpg,id_3019
scene_1_03021.jpg,id_3021
scene_1_03024.jpg,id_3024
scene_1_03033.jpg,id_3033
scene_1_03037.jpg,id_3037
scene_1_03043.jpg,id_3043
scene_1_03047.jpg,id_3047
scene_1_03050.jpg,id_3050
scene_1_03056.jpg,id_3056
scene_1_03061.jpg,id_3061
scene_1_03064.jpg,id_3064
scene_1_03065.jpg,id_3065
scene_1_03075.jpg,id_3075
scene_1_03076.jpg,id_3076
scene_1_03080.jpg,id_3080
scene_1_03082.jpg,id_3082
scene_1_03092.jpg,id_3092
scene_1_03093.jpg,id_3093
scene_1_03095.jpg,id_3095
scene_1_03100.jpg,id_3100
scene_1_03108.jpg,id_3108
scene_1_03111.jpg,id_3111
scene_1_03115.jpg,id_3115
scene_1_03121.jpg,id_3121
scene_1_03122.jpg,id_3122
scene_1_03123.jpg,id_3123
scene_1_03124.jpg,id_3124
scene_1_03127.jpg,id_3127
scene_1_03128.jpg,id_3128
scene_1_03129.jpg,id_3129
scene_1_03139.jpg,id_3139
scene_1_03140.jpg,id_3140
scene_1_03148.jpg,id_3148
scene_1_03149.jpg,id_3149
scene_1_03150.jpg,id_3150
scene_1_03152.jpg,id_3152
scene_1_03153.jpg,id_3153
scene_1_03154.jpg,id_3154
scene_1_03155.jpg,id_3155
scene_1_03156.jpg,id_3156
scene_1_03158.jpg,id_3158
scene_1_03170.jpg,id_3170
scene_1_03178.jpg,id_3178
scene_1_03182.jpg,id_3182
scene_1_03185.jpg,id_3185
scene_1_03189.jpg,id_3189
scene_1_03193.jpg,id_3193
scene_1_03200.jpg,id_3200
scene_1_03201.jpg,id_3201
scene_1_03206.jpg,id_3206
scene_1_03207.jpg,id_3207
scene_1_03208.jpg,id_3208
scene_1_03215.jpg,id_3215
scene_1_03219.jpg,id_3219
scene_1_03221.jpg,id_3221
scene_1_03223.jpg,id_3223
scene_1_03225.jpg,id_3225
scene_1_03233.jpg,id_3233
scene_1_03234.jpg,id_3234
scene_1_03239.jpg,id_3239
scene_1_03240.jpg,id_3240
scene_1_03241.jpg,id_3241
scene_1_03250.jpg,id_3250
scene_1_03253.jpg,id_3253
scene_1_03254.jpg,id_3254
scene_1_03255.jpg,id_3255
scene_1_03258.jpg,id_3258
scene_1_03259.jpg,id_3259
scene_1_03260.jpg,id_3260
scene_1_03266.jpg,id_3266
scene_1_03268.jpg,id_3268
scene_1_03270.jpg,id_3270
scene_1_03272.jpg,id_3272
scene_1_03273.jpg,id_3273
scene_1_03278.jpg,id_3278
scene_1_03283.jpg,id_3283
scene_1_03284.jpg,id_3284
scene_1_03285.jpg,id_3285
scene_1_03286.jpg,id_3286
scene_1_03288.jpg,id_3288
scene_1_03296.jpg,id_3296
scene_1_03300.jpg,id_3300
scene_1_03304.jpg,id_3304
scene_1_03305.jpg,id_3305
scene_1_03306.jpg,id_3306
scene_1_03312.jpg,id_3312
scene_1_03317.jpg,id_3317
scene_1_03320.jpg,id_3320
scene_1_03323.jpg,id_3323
scene_1_03328.jpg,id_3328
scene_1_03330.jpg,id_3330
scene_1_03338.jpg,id_3338
scene_1_03343.jpg,id_3343
scene_1_03345.jpg,id_3345
scene_1_03347.jpg,id_3347
scene_1_03351.jpg,id_3351
scene_1_03352.jpg,id_3352
scene_1_03355.jpg,id_3355
scene_1_03358.jpg,id_3358
scene_1_03363.jpg,id_3363
scene_1_03365.jpg,id_3365
scene_1_03368.jpg,id_3368
scene_1_03371.jpg,id_3371
scene_1_03376.jpg,id_3376
scene_1_03384.jpg,id_3384
scene_1_03387.jpg,id_3387
scene_1_03388.jpg,id_3388
scene_1_03389.jpg,id_3389
scene_1_03390.jpg,id_3390
scene_1_03398.jpg,id_3398
scene_1_03399.jpg,id_3399
scene_1_03401.jpg,id_3401
scene_1_03408.jpg,id_3408
scene_1_03412.jpg,id_3412
scene_1_03420.jpg,id_3420
scene_1_03421.jpg,id_3421
scene_1_03428.jpg,id_3428
scene_1_03432.jpg,id_3432
scene_1_03436.jpg,id_3436
scene_1_03437.jpg,id_3437
scene_1_03443.jpg,id_3443
scene_1_03445.jpg,id_3445
scene_1_03450.jpg,id_3450
scene_1_03451.jpg,id_3451
scene_1_03455.jpg,id_3455
scene_1_03463.jpg,id_3463
scene_1_03466.jpg,id_3466
scene_1_03488.jpg,id_3488
scene_1_03489.jpg,id_3489
scene_1_03490.jpg,id_3490
scene_1_03493.jpg,id_3493
scene_1_03501.jpg,id_3501
scene_1_03504.jpg,id_3504
scene_1_03513.jpg,id_3513
scene_1_03514.jpg,id_3514
scene_1_03518.jpg,id_3518
scene_2_00001.jpg,id_3521
scene_2_00005.jpg,id_3525
scene_2_00009.jpg,id_3529
scene_2_00010.jpg,id_3530
scene_2_00025.jpg,id_3545
scene_2_00035.jpg,id_3555
scene_2_00036.jpg,id_3556
scene_2_00044.jpg,id_3564
scene_2_00045.jpg,id_3565
scene_2_00049.jpg,id_3569
scene_2_00054.jpg,id_3574
scene_2_00055.jpg,id_3575
scene_2_00067.jpg,id_3587
scene_2_00069.jpg,id_3589
scene_2_00071.jpg,id_3591
scene_2_00084.jpg,id_3604
scene_2_00099.jpg,id_3619
scene_2_00100.jpg,id_3620
scene_2_00101.jpg,id_3621
scene_2_00106.jpg,id_3626
scene_2_00113.jpg,id_3633
scene_2_00114.jpg,id_3634
scene_2_00115.jpg,id_3635
scene_2_00118.jpg,id_3638
scene_2_00119.jpg,id_3639
scene_2_00129.jpg,id_3649
scene_2_00132.jpg,id_3652
scene_2_00134.jpg,id_3654
scene_2_00137.jpg,id_3657
scene_2_00139.jpg,id_3659
scene_2_00141.jpg,id_3661
scene_2_00143.jpg,id_3663
scene_2_00145.jpg,id_3665
scene_2_00147.jpg,id_3667
scene_2_00157.jpg,id_3677
scene_2_00160.jpg,id_3680
scene_2_00161.jpg,id_3681
scene_2_00165.jpg,id_3685
scene_2_00167.jpg,id_3687
scene_2_00170.jpg,id_3690
scene_2_00179.jpg,id_3699
scene_2_00185.jpg,id_3705
scene_2_00186.jpg,id_3706
scene_2_00187.jpg,id_3707
scene_2_00188.jpg,id_3708
scene_2_00189.jpg,id_3709
scene_2_00198.jpg,id_3718
scene_2_00200.jpg,id_3720
scene_2_00202.jpg,id_3722
scene_2_00203.jpg,id_3723
scene_2_00206.jpg,id_3726
scene_2_00208.jpg,id_3728
scene_2_00223.jpg,id_3743
scene_2_00243.jpg,id_3763
scene_2_00245.jpg,id_3765
scene_2_00247.jpg,id_3767
scene_2_00251.jpg,id_3771
scene_2_00253.jpg,id_3773
scene_2_00256.jpg,id_3776
scene_2_00258.jpg,id_3778
scene_2_00259.jpg,id_3779
scene_2_00266.jpg,id_3786
scene_2_00288.jpg,id_3808
scene_2_00299.jpg,id_3819
scene_2_00300.jpg,id_3820
scene_2_00301.jpg,id_3821
scene_2_00304.jpg,id_3824
scene_2_00310.jpg,id_3830
scene_2_00316.jpg,id_3836
scene_2_00324.jpg,id_3844
scene_2_00330.jpg,id_3850
scene_2_00331.jpg,id_3851
scene_2_00346.jpg,id_3866
scene_2_00350.jpg,id_3870
scene_2_00354.jpg,id_3874
scene_2_00356.jpg,id_3876
scene_2_00360.jpg,id_3880
scene_2_00363.jpg,id_3883
scene_2_00364.jpg,id_3884
scene_2_00368.jpg,id_3888
scene_2_00371.jpg,id_3891
scene_2_00373.jpg,id_3893
scene_2_00376.jpg,id_3896
scene_2_00378.jpg,id_3898
scene_2_00381.jpg,id_3901
scene_2_00391.jpg,id_3911
scene_2_00398.jpg,id_3918
scene_2_00400.jpg,id_3920
scene_2_00405.jpg,id_3925
scene_2_00406.jpg,id_3926
scene_2_00407.jpg,id_3927
scene_2_00410.jpg,id_3930
scene_2_00412.jpg,id_3932
scene_2_00413.jpg,id_3933
scene_2_00416.jpg,id_3936
scene_2_00418.jpg,id_3938
scene_2_00423.jpg,id_3943
scene_2_00431.jpg,id_3951
scene_2_00437.jpg,id_3957
scene_2_00438.jpg,id_3958
scene_2_00449.jpg,id_3969
scene_2_00451.jpg,id_3971
scene_2_00452.jpg,id_3972
scene_2_00454.jpg,id_3974
scene_2_00463.jpg,id_3983
scene_2_00467.jpg,id_3987
scene_2_00470.jpg,id_3990
scene_2_00472.jpg,id_3992
scene_2_00477.jpg,id_3997
scene_2_00478.jpg,id_3998
scene_2_00482.jpg,id_4002
scene_2_00485.jpg,id_4005
scene_2_00491.jpg,id_4011
scene_2_00493.jpg,id_4013
scene_2_00494.jpg,id_4014
scene_2_00496.jpg,id_4016
scene_2_00498.jpg,id_4018
scene_2_00501.jpg,id_4021
scene_2_00512.jpg,id_4032
scene_2_00515.jpg,id_4035
scene_2_00516.jpg,id_4036
scene_2_00520.jpg,id_4040
scene_2_00521.jpg,id_4041
scene_2_00532.jpg,id_4052
scene_2_00536.jpg,id_4056
scene_2_00542.jpg,id_4062
scene_2_00547.jpg,id_4067
scene_2_00550.jpg,id_4070
scene_2_00551.jpg,id_4071
scene_2_00555.jpg,id_4075
scene_2_00559.jpg,id_4079
scene_2_00562.jpg,id_4082
scene_2_00566.jpg,id_4086
scene_2_00568.jpg,id_4088
scene_2_00569.jpg,id_4089
scene_2_00571.jpg,id_4091
scene_2_00574.jpg,id_4094
scene_2_00577.jpg,id_4097
scene_2_00579.jpg,id_4099
scene_2_00582.jpg,id_4102
scene_2_00584.jpg,id_4104
scene_2_00589.jpg,id_4109
scene_2_00591.jpg,id_4111
scene_2_00594.jpg,id_4114
scene_2_00600.jpg,id_4120
scene_2_00603.jpg,id_4123
scene_2_00604.jpg,id_4124
scene_2_00605.jpg,id_4125
scene_2_00608.jpg,id_4128
scene_2_00611.jpg,id_4131
scene_2_00614.jpg,id_4134
scene_2_00617.jpg,id_4137
scene_2_00619.jpg,id_4139
scene_2_00626.jpg,id_4146
scene_2_00628.jpg,id_4148
scene_2_00632.jpg,id_4152
scene_2_00633.jpg,id_4153
scene_2_00636.jpg,id_4156
scene_2_00648.jpg,id_4168
scene_2_00653.jpg,id_4173
scene_2_00658.jpg,id_4178
scene_2_00670.jpg,id_4190
scene_2_00675.jpg,id_4195
scene_2_00686.jpg,id_4206
scene_2_00687.jpg,id_4207
scene_2_00696.jpg,id_4216
scene_2_00697.jpg,id_4217
scene_2_00699.jpg,id_4219
scene_2_00702.jpg,id_4222
scene_2_00704.jpg,id_4224
scene_2_00715.jpg,id_4235
scene_2_00718.jpg,id_4238
scene_2_00720.jpg,id_4240
scene_2_00728.jpg,id_4248
scene_2_00731.jpg,id_4251
scene_2_00739.jpg,id_4259
scene_2_00741.jpg,id_4261
scene_2_00744.jpg,id_4264
scene_2_00745.jpg,id_4265
scene_2_00748.jpg,id_4268
scene_2_00751.jpg,id_4271
scene_2_00752.jpg,id_4272
scene_2_00756.jpg,id_4276
scene_2_00763.jpg,id_4283
scene_2_00767.jpg,id_4287
scene_2_00768.jpg,id_4288
scene_2_00778.jpg,id_4298
scene_2_00785.jpg,id_4305
scene_2_00791.jpg,id_4311
scene_2_00792.jpg,id_4312
scene_2_00794.jpg,id_4314
scene_2_00799.jpg,id_4319
scene_2_00801.jpg,id_4321
scene_2_00804.jpg,id_4324
scene_2_00805.jpg,id_4325
scene_2_00810.jpg,id_4330
scene_2_00819.jpg,id_4339
scene_2_00824.jpg,id_4344
scene_2_00827.jpg,id_4347
scene_2_00830.jpg,id_4350
scene_2_00837.jpg,id_4357
scene_2_00839.jpg,id_4359
scene_2_00846.jpg,id_4366
scene_2_00854.jpg,id_4374
scene_2_00856.jpg,id_4376
scene_2_00863.jpg,id_4383
scene_2_00865.jpg,id_4385
scene_2_00867.jpg,id_4387
scene_2_00868.jpg,id_4388
scene_2_00871.jpg,id_4391
scene_2_00878.jpg,id_4398
scene_2_00884.jpg,id_4404
scene_2_00887.jpg,id_4407
scene_2_00896.jpg,id_4416
scene_2_00897.jpg,id_4417
scene_2_00898.jpg,id_4418
scene_2_00901.jpg,id_4421
scene_2_00914.jpg,id_4434
scene_2_00915.jpg,id_4435
scene_2_00916.jpg,id_4436
scene_2_00917.jpg,id_4437
scene_2_00921.jpg,id_4441
scene_2_00924.jpg,id_4444
scene_2_00927.jpg,id_4447
scene_2_00938.jpg,id_4458
scene_2_00940.jpg,id_4460
scene_2_00945.jpg,id_4465
scene_2_00947.jpg,id_4467
scene_2_00950.jpg,id_4470
scene_2_00969.jpg,id_4489
scene_2_00977.jpg,id_4497
scene_2_00980.jpg,id_4500
scene_2_00983.jpg,id_4503
scene_2_00984.jpg,id_4504
scene_2_00985.jpg,id_4505
scene_2_00989.jpg,id_4509
scene_2_00998.jpg,id_4518
scene_2_00999.jpg,id_4519
scene_2_01000.jpg,id_4520
scene_2_01010.jpg,id_4530
scene_2_01014.jpg,id_4534
scene_2_01019.jpg,id_4539
scene_2_01021.jpg,id_4541
scene_2_01022.jpg,id_4542
scene_2_01043.jpg,id_4563
scene_2_01045.jpg,id_4565
scene_2_01049.jpg,id_4569
scene_2_01050.jpg,id_4570
scene_2_01054.jpg,id_4574
scene_2_01062.jpg,id_4582
scene_2_01072.jpg,id_4592
scene_2_01091.jpg,id_4611
scene_2_01096.jpg,id_4616
scene_2_01100.jpg,id_4620
scene_2_01103.jpg,id_4623
scene_2_01106.jpg,id_4626
scene_2_01111.jpg,id_4631
scene_2_01118.jpg,id_4638
scene_2_01120.jpg,id_4640
scene_2_01126.jpg,id_4646
scene_2_01128.jpg,id_4648
scene_2_01129.jpg,id_4649
scene_2_01133.jpg,id_4653
scene_2_01135.jpg,id_4655
scene_2_01137.jpg,id_4657
scene_2_01141.jpg,id_4661
scene_2_01143.jpg,id_4663
scene_2_01146.jpg,id_4666
scene_2_01149.jpg,id_4669
scene_2_01157.jpg,id_4677
scene_2_01164.jpg,id_4684
scene_2_01167.jpg,id_4687
scene_2_01172.jpg,id_4692
scene_2_01173.jpg,id_4693
scene_2_01175.jpg,id_4695
scene_2_01178.jpg,id_4698
scene_2_01189.jpg,id_4709
scene_2_01196.jpg,id_4716
scene_2_01207.jpg,id_4727
scene_2_01208.jpg,id_4728
scene_2_01210.jpg,id_4730
scene_2_01214.jpg,id_4734
scene_2_01218.jpg,id_4738
scene_2_01234.jpg,id_4754
scene_2_01242.jpg,id_4762
scene_2_01248.jpg,id_4768
scene_2_01249.jpg,id_4769
scene_2_01256.jpg,id_4776
scene_2_01259.jpg,id_4779
scene_2_01263.jpg,id_4783
scene_2_01265.jpg,id_4785
scene_2_01266.jpg,id_4786
scene_2_01270.jpg,id_4790
scene_2_01272.jpg,id_4792
scene_2_01274.jpg,id_4794
scene_2_01289.jpg,id_4809
scene_2_01290.jpg,id_4810
scene_2_01292.jpg,id_4812
scene_2_01294.jpg,id_4814
scene_2_01302.jpg,id_4822
scene_2_01304.jpg,id_4824
scene_2_01307.jpg,id_4827
scene_2_01308.jpg,id_4828
scene_2_01311.jpg,id_4831
scene_2_01315.jpg,id_4835
scene_2_01318.jpg,id_4838
scene_2_01320.jpg,id_4840
scene_2_01326.jpg,id_4846
scene_2_01337.jpg,id_4857
scene_2_01339.jpg,id_4859
scene_2_01340.jpg,id_4860
scene_2_01346.jpg,id_4866
scene_2_01347.jpg,id_4867
scene_2_01355.jpg,id_4875
scene_2_01356.jpg,id_4876
scene_2_01365.jpg,id_4885
scene_2_01366.jpg,id_4886
scene_2_01368.jpg,id_4888
scene_2_01377.jpg,id_4897
scene_2_01380.jpg,id_4900
scene_2_01384.jpg,id_4904
scene_2_01385.jpg,id_4905
scene_2_01389.jpg,id_4909
scene_2_01395.jpg,id_4915
scene_2_01396.jpg,id_4916
scene_2_01402.jpg,id_4922
scene_2_01404.jpg,id_4924
scene_2_01408.jpg,id_4928
scene_2_01415.jpg,id_4935
scene_2_01417.jpg,id_4937
scene_2_01428.jpg,id_4948
scene_2_01431.jpg,id_4951
scene_2_01436.jpg,id_4956
scene_2_01438.jpg,id_4958
scene_2_01445.jpg,id_4965
scene_2_01450.jpg,id_4970
scene_2_01455.jpg,id_4975
scene_2_01456.jpg,id_4976
scene_2_01457.jpg,id_4977
scene_2_01463.jpg,id_4983
scene_2_01464.jpg,id_4984
scene_2_01478.jpg,id_4998
scene_2_01493.jpg,id_5013
scene_2_01494.jpg,id_5014
scene_2_01495.jpg,id_5015
scene_2_01500.jpg,id_5020
scene_2_01503.jpg,id_5023
scene_2_01504.jpg,id_5024
scene_2_01507.jpg,id_5027
scene_2_01512.jpg,id_5032
scene_2_01514.jpg,id_5034
scene_2_01516.jpg,id_5036
scene_2_01518.jpg,id_5038
scene_2_01525.jpg,id_5045
scene_2_01527.jpg,id_5047
scene_2_01533.jpg,id_5053
scene_2_01534.jpg,id_5054
scene_2_01537.jpg,id_5057
scene_2_01538.jpg,id_5058
scene_2_01541.jpg,id_5061
scene_2_01542.jpg,id_5062
scene_2_01550.jpg,id_5070
scene_2_01551.jpg,id_5071
scene_2_01552.jpg,id_5072
scene_2_01561.jpg,id_5081
scene_2_01562.jpg,id_5082
scene_2_01567.jpg,id_5087
scene_2_01574.jpg,id_5094
scene_2_01575.jpg,id_5095
scene_2_01576.jpg,id_5096
scene_2_01577.jpg,id_5097
scene_2_01592.jpg,id_5112
scene_2_01598.jpg,id_5118
scene_2_01602.jpg,id_5122
scene_2_01606.jpg,id_5126
scene_2_01611.jpg,id_5131
scene_2_01618.jpg,id_5138
scene_2_01624.jpg,id_5144
scene_2_01629.jpg,id_5149
scene_2_01630.jpg,id_5150
scene_2_01631.jpg,id_5151
scene_2_01640.jpg,id_5160
scene_2_01651.jpg,id_5171
scene_2_01652.jpg,id_5172
scene_2_01653.jpg,id_5173
scene_2_01654.jpg,id_5174
scene_2_01659.jpg,id_5179
scene_2_01663.jpg,id_5183
scene_2_01669.jpg,id_5189
scene_2_01671.jpg,id_5191
scene_2_01673.jpg,id_5193
scene_2_01677.jpg,id_5197
scene_2_01678.jpg,id_5198
scene_2_01680.jpg,id_5200
scene_2_01684.jpg,id_5204
scene_2_01688.jpg,id_5208
scene_2_01691.jpg,id_5211
scene_2_01692.jpg,id_5212
scene_2_01699.jpg,id_5219
scene_2_01701.jpg,id_5221
scene_2_01703.jpg,id_5223
scene_2_01705.jpg,id_5225
scene_2_01708.jpg,id_5228
scene_2_01715.jpg,id_5235
scene_2_01716.jpg,id_5236
scene_2_01719.jpg,id_5239
scene_2_01722.jpg,id_5242
scene_2_01723.jpg,id_5243
scene_2_01724.jpg,id_5244
scene_2_01727.jpg,id_5247
scene_2_01729.jpg,id_5249
scene_2_01731.jpg,id_5251
scene_2_01736.jpg,id_5256
scene_2_01737.jpg,id_5257
scene_2_01742.jpg,id_5262
scene_2_01745.jpg,id_5265
scene_3_00017.jpg,id_5282
scene_3_00019.jpg,id_5284
scene_3_00020.jpg,id_5285
scene_3_00021.jpg,id_5286
scene_3_00023.jpg,id_5288
scene_3_00036.jpg,id_5301
scene_3_00044.jpg,id_5309
scene_3_00046.jpg,id_5311
scene_3_00047.jpg,id_5312
scene_3_00048.jpg,id_5313
scene_3_00049.jpg,id_5314
scene_3_00052.jpg,id_5317
scene_3_00057.jpg,id_5322
scene_3_00064.jpg,id_5329
scene_3_00066.jpg,id_5331
scene_3_00077.jpg,id_5342
scene_3_00087.jpg,id_5352
scene_3_00090.jpg,id_5355
scene_3_00097.jpg,id_5362
scene_3_00098.jpg,id_5363
scene_3_00101.jpg,id_5366
scene_3_00104.jpg,id_5369
scene_3_00105.jpg,id_5370
scene_3_00107.jpg,id_5372
scene_3_00108.jpg,id_5373
scene_3_00109.jpg,id_5374
scene_3_00111.jpg,id_5376
scene_3_00174.jpg,id_5439
scene_3_00193.jpg,id_5458
scene_3_00207.jpg,id_5472
scene_3_00320.jpg,id_5585
scene_3_00324.jpg,id_5589
scene_3_00340.jpg,id_5605
scene_3_00347.jpg,id_5612
scene_3_00349.jpg,id_5614
scene_3_00350.jpg,id_5615
scene_3_00352.jpg,id_5617
scene_3_00363.jpg,id_5628
scene_3_00365.jpg,id_5630
scene_3_00367.jpg,id_5632
scene_3_00369.jpg,id_5634
scene_3_00373.jpg,id_5638
scene_3_00383.jpg,id_5648
scene_3_00386.jpg,id_5651
scene_3_00387.jpg,id_5652
scene_3_00388.jpg,id_5653
scene_3_00390.jpg,id_5655
scene_3_00392.jpg,id_5657
scene_3_00405.jpg,id_5670
scene_3_00408.jpg,id_5673
scene_3_00409.jpg,id_5674
scene_3_00413.jpg,id_5678
scene_3_00416.jpg,id_5681
scene_3_00422.jpg,id_5687
scene_3_00424.jpg,id_5689
scene_3_00425.jpg,id_5690
scene_3_00427.jpg,id_5692
scene_3_00428.jpg,id_5693
scene_3_00429.jpg,id_5694
scene_3_00444.jpg,id_5709
scene_3_00445.jpg,id_5710
scene_3_00457.jpg,id_5722
scene_3_00458.jpg,id_5723
scene_3_00459.jpg,id_5724
scene_3_00461.jpg,id_5726
scene_3_00462.jpg,id_5727
scene_3_00465.jpg,id_5730
scene_3_00467.jpg,id_5732
scene_3_00475.jpg,id_5740
scene_3_00476.jpg,id_5741
scene_3_00477.jpg,id_5742
scene_3_00487.jpg,id_5752
scene_3_00488.jpg,id_5753
scene_3_00489.jpg,id_5754
scene_3_00493.jpg,id_5758
scene_3_00495.jpg,id_5760
scene_3_00498.jpg,id_5763
scene_3_00505.jpg,id_5770
scene_3_00507.jpg,id_5772
scene_3_00508.jpg,id_5773
scene_3_00513.jpg,id_5778
scene_3_00521.jpg,id_5786
scene_3_00522.jpg,id_5787
scene_3_00528.jpg,id_5793
scene_3_00531.jpg,id_5796
scene_3_00536.jpg,id_5801
scene_3_00538.jpg,id_5803
scene_3_00544.jpg,id_5809
scene_3_00546.jpg,id_5811
scene_3_00549.jpg,id_5814
scene_3_00553.jpg,id_5818
scene_3_00557.jpg,id_5822
scene_3_00561.jpg,id_5826
scene_3_00568.jpg,id_5833
scene_3_00571.jpg,id_5836
scene_3_00580.jpg,id_5845
scene_3_00587.jpg,id_5852
scene_3_00589.jpg,id_5854
scene_3_00591.jpg,id_5856
scene_3_00595.jpg,id_5860
scene_3_00598.jpg,id_5863
scene_3_00600.jpg,id_5865
scene_3_00604.jpg,id_5869
scene_3_00607.jpg,id_5872
scene_3_00608.jpg,id_5873
scene_3_00609.jpg,id_5874
scene_3_00611.jpg,id_5876
scene_3_00612.jpg,id_5877
scene_3_00613.jpg,id_5878
scene_3_00615.jpg,id_5880
scene_3_00620.jpg,id_5885
scene_3_00628.jpg,id_5893
scene_3_00630.jpg,id_5895
scene_3_00638.jpg,id_5903
scene_3_00640.jpg,id_5905
scene_3_00643.jpg,id_5908
scene_3_00647.jpg,id_5912
scene_3_00653.jpg,id_5918
scene_3_00659.jpg,id_5924
scene_3_00662.jpg,id_5927
scene_3_00669.jpg,id_5934
scene_3_00670.jpg,id_5935
scene_3_00673.jpg,id_5938
scene_3_00674.jpg,id_5939
scene_3_00676.jpg,id_5941
scene_3_00678.jpg,id_5943
scene_3_00704.jpg,id_5969
scene_3_00710.jpg,id_5975
scene_3_00712.jpg,id_5977
scene_3_00713.jpg,id_5978
scene_3_00717.jpg,id_5982
scene_3_00719.jpg,id_5984
scene_3_00721.jpg,id_5986
scene_3_00735.jpg,id_6000
scene_3_00747.jpg,id_6012
scene_3_00752.jpg,id_6017
scene_3_00753.jpg,id_6018
scene_3_00754.jpg,id_6019
scene_3_00755.jpg,id_6020
scene_3_00774.jpg,id_6039
scene_3_00777.jpg,id_6042
scene_3_00784.jpg,id_6049
scene_3_00785.jpg,id_6050
scene_3_00786.jpg,id_6051
scene_3_00792.jpg,id_6057
scene_3_00795.jpg,id_6060
scene_3_00797.jpg,id_6062
scene_3_00799.jpg,id_6064
scene_3_00811.jpg,id_6076
scene_3_00814.jpg,id_6079
scene_3_00816.jpg,id_6081
scene_3_00818.jpg,id_6083
scene_3_00822.jpg,id_6087
scene_3_00834.jpg,id_6099
scene_3_00838.jpg,id_6103
scene_3_00839.jpg,id_6104
scene_3_00840.jpg,id_6105
scene_3_00841.jpg,id_6106
scene_3_00843.jpg,id_6108
scene_3_00852.jpg,id_6117
scene_3_00857.jpg,id_6122
scene_3_00859.jpg,id_6124
scene_3_00861.jpg,id_6126
scene_3_00866.jpg,id_6131
scene_3_00869.jpg,id_6134
scene_3_00871.jpg,id_6136
scene_3_00877.jpg,id_6142
scene_3_00886.jpg,id_6151
scene_3_00888.jpg,id_6153
scene_3_00889.jpg,id_6154
scene_3_00894.jpg,id_6159
scene_3_00898.jpg,id_6163
scene_3_00903.jpg,id_6168
scene_3_00904.jpg,id_6169
scene_3_00906.jpg,id_6171
scene_3_00908.jpg,id_6173
scene_3_00909.jpg,id_6174
scene_3_00912.jpg,id_6177
scene_3_00913.jpg,id_6178
scene_3_00914.jpg,id_6179
scene_3_00923.jpg,id_6188
scene_3_00925.jpg,id_6190
scene_3_00932.jpg,id_6197
scene_3_00939.jpg,id_6204
scene_3_00943.jpg,id_6208
scene_3_00946.jpg,id_6211
scene_3_00953.jpg,id_6218
scene_3_00955.jpg,id_6220
scene_3_00956.jpg,id_6221
scene_3_00957.jpg,id_6222
scene_3_00961.jpg,id_6226
scene_3_00973.jpg,id_6238
scene_3_00974.jpg,id_6239
scene_3_00980.jpg,id_6245
scene_3_00983.jpg,id_6248
scene_3_00984.jpg,id_6249
scene_3_00991.jpg,id_6256
scene_3_00997.jpg,id_6262
scene_3_01016.jpg,id_6281
scene_3_01017.jpg,id_6282
scene_3_01023.jpg,id_6288
scene_3_01030.jpg,id_6295
scene_3_01034.jpg,id_6299
scene_3_01038.jpg,id_6303
scene_3_01044.jpg,id_6309
scene_3_01045.jpg,id_6310
scene_3_01047.jpg,id_6312
scene_3_01051.jpg,id_6316
scene_3_01061.jpg,id_6326
scene_3_01070.jpg,id_6335
scene_3_01071.jpg,id_6336
scene_3_01072.jpg,id_6337
scene_3_01077.jpg,id_6342
scene_3_01078.jpg,id_6343
scene_3_01080.jpg,id_6345
scene_3_01083.jpg,id_6348
scene_3_01093.jpg,id_6358
scene_3_01094.jpg,id_6359
scene_3_01095.jpg,id_6360
scene_3_01111.jpg,id_6376
scene_3_01113.jpg,id_6378
scene_3_01115.jpg,id_6380
scene_3_01127.jpg,id_6392
scene_3_01128.jpg,id_6393
scene_3_01133.jpg,id_6398
scene_3_01134.jpg,id_6399
scene_3_01136.jpg,id_6401
scene_3_01139.jpg,id_6404
scene_3_01144.jpg,id_6409
scene_3_01149.jpg,id_6414
scene_3_01159.jpg,id_6424
scene_3_01161.jpg,id_6426
scene_3_01178.jpg,id_6443
scene_3_01185.jpg,id_6450
scene_3_01187.jpg,id_6452
scene_3_01188.jpg,id_6453
scene_3_01192.jpg,id_6457
scene_3_01196.jpg,id_6461
scene_3_01197.jpg,id_6462
scene_3_01198.jpg,id_6463
scene_3_01201.jpg,id_6466
scene_3_01203.jpg,id_6468
scene_3_01207.jpg,id_6472
scene_3_01208.jpg,id_6473
scene_3_01217.jpg,id_6482
scene_3_01218.jpg,id_6483
scene_3_01219.jpg,id_6484
scene_3_01224.jpg,id_6489
scene_3_01230.jpg,id_6495
scene_3_01232.jpg,id_6497
scene_3_01234.jpg,id_6499
scene_3_01241.jpg,id_6506
scene_3_01253.jpg,id_6518
scene_3_01255.jpg,id_6520
scene_3_01262.jpg,id_6527
scene_3_01263.jpg,id_6528
scene_3_01269.jpg,id_6534
scene_3_01288.jpg,id_6553
scene_3_01289.jpg,id_6554
scene_3_01290.jpg,id_6555
scene_3_01293.jpg,id_6558
scene_3_01296.jpg,id_6561
scene_3_01302.jpg,id_6567
scene_3_01304.jpg,id_6569
scene_3_01306.jpg,id_6571
scene_3_01312.jpg,id_6577
scene_3_01316.jpg,id_6581
scene_3_01323.jpg,id_6588
scene_3_01328.jpg,id_6593
scene_3_01329.jpg,id_6594
scene_3_01334.jpg,id_6599
scene_3_01336.jpg,id_6601
scene_3_01342.jpg,id_6607
scene_3_01343.jpg,id_6608
scene_3_01345.jpg,id_6610
scene_3_01350.jpg,id_6615
scene_3_01353.jpg,id_6618
scene_3_01365.jpg,id_6630
scene_3_01368.jpg,id_6633
scene_3_01370.jpg,id_6635
scene_3_01371.jpg,id_6636
scene_3_01384.jpg,id_6649
scene_3_01385.jpg,id_6650
scene_3_01387.jpg,id_6652
scene_3_01388.jpg,id_6653
scene_3_01397.jpg,id_6662
scene_3_01400.jpg,id_6665
scene_3_01401.jpg,id_6666
scene_3_01409.jpg,id_6674
scene_3_01416.jpg,id_6681
scene_3_01424.jpg,id_6689
scene_3_01425.jpg,id_6690
scene_3_01429.jpg,id_6694
scene_3_01430.jpg,id_6695
scene_3_01439.jpg,id_6704
scene_3_01443.jpg,id_6708
scene_3_01444.jpg,id_6709
scene_3_01454.jpg,id_6719
scene_3_01455.jpg,id_6720
scene_3_01457.jpg,id_6722
scene_3_01458.jpg,id_6723
scene_3_01462.jpg,id_6727
scene_3_01463.jpg,id_6728
scene_3_01466.jpg,id_6731
scene_3_01467.jpg,id_6732
scene_3_01471.jpg,id_6736
scene_3_01473.jpg,id_6738
scene_3_01475.jpg,id_6740
scene_3_01476.jpg,id_6741
scene_3_01488.jpg,id_6753
scene_3_01492.jpg,id_6757
scene_3_01493.jpg,id_6758
scene_3_01502.jpg,id_6767
scene_3_01507.jpg,id_6772
scene_3_01509.jpg,id_6774
scene_3_01512.jpg,id_6777
scene_3_01513.jpg,id_6778
scene_3_01518.jpg,id_6783
scene_3_01519.jpg,id_6784
scene_3_01520.jpg,id_6785
scene_3_01522.jpg,id_6787
scene_3_01527.jpg,id_6792
scene_3_01529.jpg,id_6794
scene_3_01533.jpg,id_6798
scene_3_01535.jpg,id_6800
scene_3_01546.jpg,id_6811
scene_3_01547.jpg,id_6812
scene_3_01548.jpg,id_6813
scene_3_01551.jpg,id_6816
scene_3_01554.jpg,id_6819
scene_3_01555.jpg,id_6820
scene_3_01566.jpg,id_6831
scene_3_01568.jpg,id_6833
scene_3_01570.jpg,id_6835
scene_3_01574.jpg,id_6839
scene_3_01579.jpg,id_6844
scene_3_01585.jpg,id_6850
scene_3_01587.jpg,id_6852
scene_3_01590.jpg,id_6855
scene_3_01599.jpg,id_6864
scene_3_01606.jpg,id_6871
scene_3_01608.jpg,id_6873
scene_3_01612.jpg,id_6877
scene_3_01613.jpg,id_6878
scene_3_01615.jpg,id_6880
scene_3_01617.jpg,id_6882
scene_3_01621.jpg,id_6886
scene_3_01622.jpg,id_6887
scene_3_01627.jpg,id_6892
scene_3_01646.jpg,id_6911
scene_3_01650.jpg,id_6915
scene_3_01654.jpg,id_6919
scene_3_01656.jpg,id_6921
scene_3_01657.jpg,id_6922
scene_3_01661.jpg,id_6926
scene_3_01663.jpg,id_6928
scene_3_01664.jpg,id_6929
scene_3_01666.jpg,id_6931
scene_3_01669.jpg,id_6934
scene_3_01670.jpg,id_6935
scene_3_01673.jpg,id_6938
scene_3_01676.jpg,id_6941
scene_3_01682.jpg,id_6947
scene_3_01694.jpg,id_6959
scene_3_01695.jpg,id_6960
scene_3_01701.jpg,id_6966
scene_3_01703.jpg,id_6968
scene_3_01709.jpg,id_6974
scene_3_01715.jpg,id_6980
scene_3_01716.jpg,id_6981
scene_3_01717.jpg,id_6982
scene_3_01725.jpg,id_6990
scene_3_01731.jpg,id_6996
scene_3_01732.jpg,id_6997
scene_3_01737.jpg,id_7002
scene_3_01738.jpg,id_7003
scene_3_01744.jpg,id_7009
scene_3_01746.jpg,id_7011
scene_3_01756.jpg,id_7021
scene_3_01757.jpg,id_7022
scene_3_01759.jpg,id_7024
scene_3_01763.jpg,id_7028
scene_3_01765.jpg,id_7030
scene_3_01769.jpg,id_7034
scene_3_01776.jpg,id_7041
scene_3_01778.jpg,id_7043
scene_3_01783.jpg,id_7048
scene_3_01790.jpg,id_7055
scene_3_01792.jpg,id_7057
scene_3_01796.jpg,id_7061
scene_3_01799.jpg,id_7064
scene_3_01801.jpg,id_7066
scene_3_01802.jpg,id_7067
scene_3_01811.jpg,id_7076
scene_3_01814.jpg,id_7079
scene_3_01819.jpg,id_7084
scene_3_01822.jpg,id_7087
scene_3_01825.jpg,id_7090
scene_3_01827.jpg,id_7092
scene_3_01830.jpg,id_7095
scene_3_01836.jpg,id_7101
scene_3_01838.jpg,id_7103
scene_3_01840.jpg,id_7105
scene_3_01844.jpg,id_7109
scene_3_01848.jpg,id_7113
scene_4_00003.jpg,id_7116
scene_4_00004.jpg,id_7117
scene_4_00006.jpg,id_7119
scene_4_00015.jpg,id_7128
scene_4_00018.jpg,id_7131
scene_4_00023.jpg,id_7136
scene_4_00024.jpg,id_7137
scene_4_00027.jpg,id_7140
scene_4_00028.jpg,id_7141
scene_4_00029.jpg,id_7142
scene_4_00032.jpg,id_7145
scene_4_00034.jpg,id_7147
scene_4_00038.jpg,id_7151
scene_4_00042.jpg,id_7155
scene_4_00049.jpg,id_7162
scene_4_00050.jpg,id_7163
scene_4_00057.jpg,id_7170
scene_4_00059.jpg,id_7172
scene_4_00061.jpg,id_7174
scene_4_00069.jpg,id_7182
scene_4_00070.jpg,id_7183
scene_4_00071.jpg,id_7184
scene_4_00078.jpg,id_7191
scene_4_00083.jpg,id_7196
scene_4_00084.jpg,id_7197
scene_4_00090.jpg,id_7203
scene_4_00092.jpg,id_7205
scene_4_00094.jpg,id_7207
scene_4_00096.jpg,id_7209
scene_4_00100.jpg,id_7213
scene_4_00104.jpg,id_7217
scene_4_00105.jpg,id_7218
scene_4_00113.jpg,id_7226
scene_4_00120.jpg,id_7233
scene_4_00122.jpg,id_7235
scene_4_00130.jpg,id_7243
scene_4_00131.jpg,id_7244
scene_4_00134.jpg,id_7247
scene_4_00140.jpg,id_7253
scene_4_00142.jpg,id_7255
scene_4_00144.jpg,id_7257
scene_4_00149.jpg,id_7262
scene_4_00150.jpg,id_7263
scene_4_00154.jpg,id_7267
scene_4_00158.jpg,id_7271
scene_4_00166.jpg,id_7279
scene_4_00168.jpg,id_7281
scene_4_00171.jpg,id_7284
scene_4_00175.jpg,id_7288
scene_4_00183.jpg,id_7296
scene_4_00186.jpg,id_7299
scene_4_00187.jpg,id_7300
scene_4_00198.jpg,id_7311
scene_4_00202.jpg,id_7315
scene_4_00204.jpg,id_7317
scene_4_00218.jpg,id_7331
scene_4_00222.jpg,id_7335
scene_4_00224.jpg,id_7337
scene_4_00227.jpg,id_7340
scene_4_00243.jpg,id_7356
scene_4_00246.jpg,id_7359
scene_4_00247.jpg,id_7360
scene_4_00251.jpg,id_7364
scene_4_00252.jpg,id_7365
scene_4_00262.jpg,id_7375
scene_4_00264.jpg,id_7377
scene_4_00267.jpg,id_7380
scene_4_00270.jpg,id_7383
scene_4_00280.jpg,id_7393
scene_4_00284.jpg,id_7397
scene_4_00288.jpg,id_7401
scene_4_00291.jpg,id_7404
scene_4_00295.jpg,id_7408
scene_4_00296.jpg,id_7409
scene_4_00301.jpg,id_7414
scene_4_00302.jpg,id_7415
scene_4_00310.jpg,id_7423
scene_4_00311.jpg,id_7424
scene_4_00323.jpg,id_7436
scene_4_00325.jpg,id_7438
scene_4_00327.jpg,id_7440
scene_4_00328.jpg,id_7441
scene_4_00331.jpg,id_7444
scene_4_00334.jpg,id_7447
scene_4_00340.jpg,id_7453
scene_4_00347.jpg,id_7460
scene_4_00348.jpg,id_7461
scene_4_00350.jpg,id_7463
scene_4_00351.jpg,id_7464
scene_4_00352.jpg,id_7465
scene_4_00360.jpg,id_7473
scene_4_00363.jpg,id_7476
scene_4_00366.jpg,id_7479
scene_4_00370.jpg,id_7483
scene_4_00376.jpg,id_7489
scene_4_00383.jpg,id_7496
scene_4_00385.jpg,id_7498
scene_4_00390.jpg,id_7503
scene_4_00391.jpg,id_7504
scene_4_00403.jpg,id_7516
scene_4_00405.jpg,id_7518
scene_4_00407.jpg,id_7520
scene_4_00409.jpg,id_7522
scene_4_00411.jpg,id_7524
scene_4_00418.jpg,id_7531
scene_4_00420.jpg,id_7533
scene_4_00426.jpg,id_7539
scene_4_00433.jpg,id_7546
scene_4_00438.jpg,id_7551
scene_4_00442.jpg,id_7555
scene_4_00444.jpg,id_7557
scene_4_00448.jpg,id_7561
scene_4_00455.jpg,id_7568
scene_4_00458.jpg,id_7571
scene_4_00459.jpg,id_7572
scene_4_00468.jpg,id_7581
scene_4_00471.jpg,id_7584
scene_4_00472.jpg,id_7585
scene_4_00476.jpg,id_7589
scene_4_00482.jpg,id_7595
scene_4_00483.jpg,id_7596
scene_4_00487.jpg,id_7600
scene_4_00496.jpg,id_7609
scene_4_00497.jpg,id_7610
scene_4_00502.jpg,id_7615
scene_4_00505.jpg,id_7618
scene_4_00506.jpg,id_7619
scene_4_00508.jpg,id_7621
scene_4_00509.jpg,id_7622
scene_4_00510.jpg,id_7623
scene_4_00512.jpg,id_7625
scene_4_00515.jpg,id_7628
scene_4_00526.jpg,id_7639
scene_4_00528.jpg,id_7641
scene_4_00529.jpg,id_7642
scene_4_00531.jpg,id_7644
scene_4_00532.jpg,id_7645
scene_4_00533.jpg,id_7646
scene_4_00534.jpg,id_7647
scene_4_00537.jpg,id_7650
scene_4_00542.jpg,id_7655
scene_4_00550.jpg,id_7663
scene_4_00559.jpg,id_7672
scene_4_00560.jpg,id_7673
scene_4_00576.jpg,id_7689
scene_4_00580.jpg,id_7693
scene_4_00584.jpg,id_7697
scene_4_00586.jpg,id_7699
scene_4_00587.jpg,id_7700
scene_4_00589.jpg,id_7702
scene_4_00590.jpg,id_7703
scene_4_00594.jpg,id_7707
scene_4_00597.jpg,id_7710
scene_4_00598.jpg,id_7711
scene_4_00599.jpg,id_7712
scene_4_00614.jpg,id_7727
scene_4_00621.jpg,id_7734
scene_4_00625.jpg,id_7738
scene_4_00627.jpg,id_7740
scene_4_00629.jpg,id_7742
scene_4_00635.jpg,id_7748
scene_5_00002.jpg,id_7771
scene_5_00015.jpg,id_7784
scene_5_00017.jpg,id_7786
scene_5_00020.jpg,id_7789
scene_5_00036.jpg,id_7805
scene_5_00042.jpg,id_7811
scene_5_00043.jpg,id_7812
scene_5_00046.jpg,id_7815
scene_5_00047.jpg,id_7816
scene_5_00056.jpg,id_7825
scene_5_00060.jpg,id_7829
scene_5_00064.jpg,id_7833
scene_5_00065.jpg,id_7834
scene_5_00067.jpg,id_7836
scene_5_00073.jpg,id_7842
scene_5_00076.jpg,id_7845
scene_5_00077.jpg,id_7846
scene_5_00095.jpg,id_7864
scene_5_00096.jpg,id_7865
scene_5_00097.jpg,id_7866
scene_5_00098.jpg,id_7867
scene_5_00102.jpg,id_7871
scene_5_00104.jpg,id_7873
scene_5_00105.jpg,id_7874
scene_5_00111.jpg,id_7880
scene_5_00114.jpg,id_7883
scene_5_00121.jpg,id_7890
scene_5_00123.jpg,id_7892
scene_5_00124.jpg,id_7893
scene_5_00134.jpg,id_7903
scene_5_00141.jpg,id_7910
scene_5_00142.jpg,id_7911
scene_5_00143.jpg,id_7912
scene_5_00144.jpg,id_7913
scene_5_00148.jpg,id_7917
scene_5_00149.jpg,id_7918
scene_5_00150.jpg,id_7919
scene_5_00151.jpg,id_7920
scene_5_00155.jpg,id_7924
scene_5_00163.jpg,id_7932
scene_5_00164.jpg,id_7933
scene_5_00167.jpg,id_7936
scene_5_00171.jpg,id_7940
scene_5_00183.jpg,id_7952
scene_5_00198.jpg,id_7967
scene_5_00201.jpg,id_7970
scene_5_00210.jpg,id_7979
scene_5_00215.jpg,id_7984
scene_5_00224.jpg,id_7993
scene_5_00228.jpg,id_7997
scene_5_00230.jpg,id_7999
scene_5_00231.jpg,id_8000
scene_5_00244.jpg,id_8013
scene_5_00250.jpg,id_8019
scene_5_00251.jpg,id_8020
scene_5_00253.jpg,id_8022
scene_5_00257.jpg,id_8026
scene_5_00261.jpg,id_8030
scene_5_00266.jpg,id_8035
scene_5_00267.jpg,id_8036
scene_5_00268.jpg,id_8037
scene_5_00269.jpg,id_8038
scene_5_00277.jpg,id_8046
scene_5_00279.jpg,id_8048
scene_5_00281.jpg,id_8050
scene_5_00283.jpg,id_8052
scene_5_00289.jpg,id_8058
scene_5_00291.jpg,id_8060
scene_5_00295.jpg,id_8064
scene_5_00297.jpg,id_8066
scene_5_00301.jpg,id_8070
scene_5_00302.jpg,id_8071
scene_5_00306.jpg,id_8075
scene_5_00309.jpg,id_8078
scene_5_00311.jpg,id_8080
scene_5_00314.jpg,id_8083
scene_5_00318.jpg,id_8087
scene_5_00323.jpg,id_8092
scene_5_00324.jpg,id_8093
scene_5_00329.jpg,id_8098
scene_5_00334.jpg,id_8103
scene_5_00337.jpg,id_8106
scene_5_00339.jpg,id_8108
scene_5_00342.jpg,id_8111
scene_5_00348.jpg,id_8117
scene_5_00350.jpg,id_8119
scene_5_00359.jpg,id_8128
scene_5_00362.jpg,id_8131
scene_5_00363.jpg,id_8132
scene_5_00367.jpg,id_8136
scene_5_00388.jpg,id_8157
scene_5_00395.jpg,id_8164
scene_5_00407.jpg,id_8176
scene_5_00409.jpg,id_8178
scene_5_00410.jpg,id_8179
scene_5_00412.jpg,id_8181
scene_5_00415.jpg,id_8184
scene_5_00416.jpg,id_8185
scene_5_00418.jpg,id_8187
scene_5_00421.jpg,id_8190
scene_5_00423.jpg,id_8192
scene_5_00425.jpg,id_8194
scene_5_00429.jpg,id_8198
scene_5_00431.jpg,id_8200
scene_5_00432.jpg,id_8201
scene_5_00435.jpg,id_8204
scene_5_00445.jpg,id_8214
scene_5_00448.jpg,id_8217
scene_5_00449.jpg,id_8218
scene_5_00454.jpg,id_8223
scene_5_00456.jpg,id_8225
scene_5_00462.jpg,id_8231
scene_5_00470.jpg,id_8239
scene_5_00473.jpg,id_8242
scene_5_00478.jpg,id_8247
scene_5_00483.jpg,id_8252
scene_5_00484.jpg,id_8253
scene_5_00487.jpg,id_8256
scene_5_00489.jpg,id_8258
scene_5_00495.jpg,id_8264
scene_5_00496.jpg,id_8265
scene_5_00497.jpg,id_8266
scene_5_00498.jpg,id_8267
scene_5_00499.jpg,id_8268
scene_5_00500.jpg,id_8269
scene_5_00506.jpg,id_8275
scene_5_00514.jpg,id_8283
scene_5_00516.jpg,id_8285
scene_5_00517.jpg,id_8286
scene_5_00518.jpg,id_8287
scene_5_00519.jpg,id_8288
scene_5_00521.jpg,id_8290
scene_5_00524.jpg,id_8293
scene_5_00531.jpg,id_8300
scene_5_00537.jpg,id_8306
scene_5_00544.jpg,id_8313
scene_5_00548.jpg,id_8317
scene_5_00550.jpg,id_8319
