filename,image_id
scene_1_00010.jpg,id_10
scene_1_00019.jpg,id_19
scene_1_00042.jpg,id_42
scene_1_00048.jpg,id_48
scene_1_00054.jpg,id_54
scene_1_00071.jpg,id_71
scene_1_00074.jpg,id_74
scene_1_00077.jpg,id_77
scene_1_00097.jpg,id_97
scene_1_00112.jpg,id_112
scene_1_00114.jpg,id_114
scene_1_00123.jpg,id_123
scene_1_00133.jpg,id_133
scene_1_00151.jpg,id_151
scene_1_00164.jpg,id_164
scene_1_00178.jpg,id_178
scene_1_00181.jpg,id_181
scene_1_00184.jpg,id_184
scene_1_00187.jpg,id_187
scene_1_00194.jpg,id_194
scene_1_00210.jpg,id_210
scene_1_00212.jpg,id_212
scene_1_00216.jpg,id_216
scene_1_00227.jpg,id_227
scene_1_00247.jpg,id_247
scene_1_00248.jpg,id_248
scene_1_00253.jpg,id_253
scene_1_00255.jpg,id_255
scene_1_00259.jpg,id_259
scene_1_00262.jpg,id_262
scene_1_00289.jpg,id_289
scene_1_00309.jpg,id_309
scene_1_00316.jpg,id_316
scene_1_00322.jpg,id_322
scene_1_00333.jpg,id_333
scene_1_00334.jpg,id_334
scene_1_00338.jpg,id_338
scene_1_00350.jpg,id_350
scene_1_00352.jpg,id_352
scene_1_00369.jpg,id_369
scene_1_00377.jpg,id_377
scene_1_00385.jpg,id_385
scene_1_00388.jpg,id_388
scene_1_00395.jpg,id_395
scene_1_00396.jpg,id_396
scene_1_00420.jpg,id_420
scene_1_00425.jpg,id_425
scene_1_00429.jpg,id_429
scene_1_00437.jpg,id_437
scene_1_00440.jpg,id_440
scene_1_00442.jpg,id_442
scene_1_00453.jpg,id_453
scene_1_00474.jpg,id_474
scene_1_00475.jpg,id_475
scene_1_00476.jpg,id_476
scene_1_00484.jpg,id_484
scene_1_00485.jpg,id_485
scene_1_00492.jpg,id_492
scene_1_00499.jpg,id_499
scene_1_00503.jpg,id_503
scene_1_00512.jpg,id_512
scene_1_00518.jpg,id_518
scene_1_00521.jpg,id_521
scene_1_00524.jpg,id_524
scene_1_00525.jpg,id_525
scene_1_00547.jpg,id_547
scene_1_00557.jpg,id_557
scene_1_00566.jpg,id_566
scene_1_00575.jpg,id_575
scene_1_00583.jpg,id_583
scene_1_00585.jpg,id_585
scene_1_00600.jpg,id_600
scene_1_00618.jpg,id_618
scene_1_00619.jpg,id_619
scene_1_00629.jpg,id_629
scene_1_00630.jpg,id_630
scene_1_00631.jpg,id_631
scene_1_00633.jpg,id_633
scene_1_00638.jpg,id_638
scene_1_00643.jpg,id_643
scene_1_00644.jpg,id_644
scene_1_00647.jpg,id_647
scene_1_00648.jpg,id_648
scene_1_00653.jpg,id_653
scene_1_00656.jpg,id_656
scene_1_00658.jpg,id_658
scene_1_00668.jpg,id_668
scene_1_00673.jpg,id_673
scene_1_00702.jpg,id_702
scene_1_00711.jpg,id_711
scene_1_00724.jpg,id_724
scene_1_00747.jpg,id_747
scene_1_00755.jpg,id_755
scene_1_00781.jpg,id_781
scene_1_00787.jpg,id_787
scene_1_00795.jpg,id_795
scene_1_00798.jpg,id_798
scene_1_00799.jpg,id_799
scene_1_00811.jpg,id_811
scene_1_00822.jpg,id_822
scene_1_00823.jpg,id_823
scene_1_00829.jpg,id_829
scene_1_00848.jpg,id_848
scene_1_00849.jpg,id_849
scene_1_00856.jpg,id_856
scene_1_00867.jpg,id_867
scene_1_00878.jpg,id_878
scene_1_00892.jpg,id_892
scene_1_00897.jpg,id_897
scene_1_00900.jpg,id_900
scene_1_00918.jpg,id_918
scene_1_00920.jpg,id_920
scene_1_00923.jpg,id_923
scene_1_00925.jpg,id_925
scene_1_00929.jpg,id_929
scene_1_00931.jpg,id_931
scene_1_00936.jpg,id_936
scene_1_00937.jpg,id_937
scene_1_00948.jpg,id_948
scene_1_00953.jpg,id_953
scene_1_00962.jpg,id_962
scene_1_00966.jpg,id_966
scene_1_00970.jpg,id_970
scene_1_00973.jpg,id_973
scene_1_00974.jpg,id_974
scene_1_00983.jpg,id_983
scene_1_00992.jpg,id_992
scene_1_00994.jpg,id_994
scene_1_00999.jpg,id_999
scene_1_01005.jpg,id_1005
scene_1_01019.jpg,id_1019
scene_1_01020.jpg,id_1020
scene_1_01022.jpg,id_1022
scene_1_01036.jpg,id_1036
scene_1_01048.jpg,id_1048
scene_1_01067.jpg,id_1067
scene_1_01074.jpg,id_1074
scene_1_01079.jpg,id_1079
scene_1_01086.jpg,id_1086
scene_1_01100.jpg,id_1100
scene_1_01102.jpg,id_1102
scene_1_01105.jpg,id_1105
scene_1_01117.jpg,id_1117
scene_1_01119.jpg,id_1119
scene_1_01125.jpg,id_1125
scene_1_01131.jpg,id_1131
scene_1_01140.jpg,id_1140
scene_1_01141.jpg,id_1141
scene_1_01147.jpg,id_1147
scene_1_01155.jpg,id_1155
scene_1_01171.jpg,id_1171
scene_1_01191.jpg,id_1191
scene_1_01206.jpg,id_1206
scene_1_01218.jpg,id_1218
scene_1_01239.jpg,id_1239
scene_1_01270.jpg,id_1270
scene_1_01274.jpg,id_1274
scene_1_01276.jpg,id_1276
scene_1_01281.jpg,id_1281
scene_1_01299.jpg,id_1299
scene_1_01308.jpg,id_1308
scene_1_01322.jpg,id_1322
scene_1_01323.jpg,id_1323
scene_1_01329.jpg,id_1329
scene_1_01340.jpg,id_1340
scene_1_01345.jpg,id_1345
scene_1_01346.jpg,id_1346
scene_1_01353.jpg,id_1353
scene_1_01365.jpg,id_1365
scene_1_01368.jpg,id_1368
scene_1_01373.jpg,id_1373
scene_1_01379.jpg,id_1379
scene_1_01384.jpg,id_1384
scene_1_01392.jpg,id_1392
scene_1_01407.jpg,id_1407
scene_1_01420.jpg,id_1420
scene_1_01426.jpg,id_1426
scene_1_01429.jpg,id_1429
scene_1_01432.jpg,id_1432
scene_1_01433.jpg,id_1433
scene_1_01439.jpg,id_1439
scene_1_01449.jpg,id_1449
scene_1_01460.jpg,id_1460
scene_1_01469.jpg,id_1469
scene_1_01471.jpg,id_1471
scene_1_01474.jpg,id_1474
scene_1_01484.jpg,id_1484
scene_1_01489.jpg,id_1489
scene_1_01495.jpg,id_1495
scene_1_01501.jpg,id_1501
scene_1_01509.jpg,id_1509
scene_1_01521.jpg,id_1521
scene_1_01522.jpg,id_1522
scene_1_01564.jpg,id_1564
scene_1_01569.jpg,id_1569
scene_1_01578.jpg,id_1578
scene_1_01583.jpg,id_1583
scene_1_01588.jpg,id_1588
scene_1_01593.jpg,id_1593
scene_1_01597.jpg,id_1597
scene_1_01606.jpg,id_1606
scene_1_01608.jpg,id_1608
scene_1_01610.jpg,id_1610
scene_1_01611.jpg,id_1611
scene_1_01626.jpg,id_1626
scene_1_01635.jpg,id_1635
scene_1_01650.jpg,id_1650
scene_1_01653.jpg,id_1653
scene_1_01657.jpg,id_1657
scene_1_01672.jpg,id_1672
scene_1_01678.jpg,id_1678
scene_1_01683.jpg,id_1683
scene_1_01690.jpg,id_1690
scene_1_01694.jpg,id_1694
scene_1_01696.jpg,id_1696
scene_1_01708.jpg,id_1708
scene_1_01709.jpg,id_1709
scene_1_01717.jpg,id_1717
scene_1_01719.jpg,id_1719
scene_1_01723.jpg,id_1723
scene_1_01725.jpg,id_1725
scene_1_01732.jpg,id_1732
scene_1_01739.jpg,id_1739
scene_1_01758.jpg,id_1758
scene_1_01767.jpg,id_1767
scene_1_01776.jpg,id_1776
scene_1_01785.jpg,id_1785
scene_1_01788.jpg,id_1788
scene_1_01789.jpg,id_1789
scene_1_01790.jpg,id_1790
scene_1_01801.jpg,id_1801
scene_1_01802.jpg,id_1802
scene_1_01803.jpg,id_1803
scene_1_01813.jpg,id_1813
scene_1_01839.jpg,id_1839
scene_1_01841.jpg,id_1841
scene_1_01856.jpg,id_1856
scene_1_01861.jpg,id_1861
scene_1_01868.jpg,id_1868
scene_1_01873.jpg,id_1873
scene_1_01880.jpg,id_1880
scene_1_01895.jpg,id_1895
scene_1_01899.jpg,id_1899
scene_1_01900.jpg,id_1900
scene_1_01901.jpg,id_1901
scene_1_01913.jpg,id_1913
scene_1_01917.jpg,id_1917
scene_1_01920.jpg,id_1920
scene_1_01922.jpg,id_1922
scene_1_01926.jpg,id_1926
scene_1_01932.jpg,id_1932
scene_1_01944.jpg,id_1944
scene_1_01953.jpg,id_1953
scene_1_01960.jpg,id_1960
scene_1_01966.jpg,id_1966
scene_1_01968.jpg,id_1968
scene_1_01970.jpg,id_1970
scene_1_01990.jpg,id_1990
scene_1_01994.jpg,id_1994
scene_1_02003.jpg,id_2003
scene_1_02017.jpg,id_2017
scene_1_02037.jpg,id_2037
scene_1_02054.jpg,id_2054
scene_1_02077.jpg,id_2077
scene_1_02082.jpg,id_2082
scene_1_02090.jpg,id_2090
scene_1_02106.jpg,id_2106
scene_1_02111.jpg,id_2111
scene_1_02128.jpg,id_2128
scene_1_02150.jpg,id_2150
scene_1_02154.jpg,id_2154
scene_1_02158.jpg,id_2158
scene_1_02175.jpg,id_2175
scene_1_02176.jpg,id_2176
scene_1_02184.jpg,id_2184
scene_1_02189.jpg,id_2189
scene_1_02198.jpg,id_2198
scene_1_02203.jpg,id_2203
scene_1_02205.jpg,id_2205
scene_1_02208.jpg,id_2208
scene_1_02219.jpg,id_2219
scene_1_02221.jpg,id_2221
scene_1_02226.jpg,id_2226
scene_1_02230.jpg,id_2230
scene_1_02231.jpg,id_2231
scene_1_02232.jpg,id_2232
scene_1_02246.jpg,id_2246
scene_1_02248.jpg,id_2248
scene_1_02256.jpg,id_2256
scene_1_02264.jpg,id_2264
scene_1_02274.jpg,id_2274
scene_1_02277.jpg,id_2277
scene_1_02292.jpg,id_2292
scene_1_02301.jpg,id_2301
scene_1_02307.jpg,id_2307
scene_1_02313.jpg,id_2313
scene_1_02314.jpg,id_2314
scene_1_02326.jpg,id_2326
scene_1_02341.jpg,id_2341
scene_1_02346.jpg,id_2346
scene_1_02356.jpg,id_2356
scene_1_02370.jpg,id_2370
scene_1_02374.jpg,id_2374
scene_1_02389.jpg,id_2389
scene_1_02391.jpg,id_2391
scene_1_02393.jpg,id_2393
scene_1_02396.jpg,id_2396
scene_1_02397.jpg,id_2397
scene_1_02405.jpg,id_2405
scene_1_02409.jpg,id_2409
scene_1_02419.jpg,id_2419
scene_1_02427.jpg,id_2427
scene_1_02429.jpg,id_2429
scene_1_02437.jpg,id_2437
scene_1_02457.jpg,id_2457
scene_1_02468.jpg,id_2468
scene_1_02470.jpg,id_2470
scene_1_02481.jpg,id_2481
scene_1_02490.jpg,id_2490
scene_1_02491.jpg,id_2491
scene_1_02492.jpg,id_2492
scene_1_02496.jpg,id_2496
scene_1_02497.jpg,id_2497
scene_1_02512.jpg,id_2512
scene_1_02514.jpg,id_2514
scene_1_02528.jpg,id_2528
scene_1_02530.jpg,id_2530
scene_1_02533.jpg,id_2533
scene_1_02546.jpg,id_2546
scene_1_02571.jpg,id_2571
scene_1_02595.jpg,id_2595
scene_1_02598.jpg,id_2598
scene_1_02605.jpg,id_2605
scene_1_02621.jpg,id_2621
scene_1_02622.jpg,id_2622
scene_1_02625.jpg,id_2625
scene_1_02631.jpg,id_2631
scene_1_02649.jpg,id_2649
scene_1_02660.jpg,id_2660
scene_1_02669.jpg,id_2669
scene_1_02672.jpg,id_2672
scene_1_02674.jpg,id_2674
scene_1_02679.jpg,id_2679
scene_1_02683.jpg,id_2683
scene_1_02689.jpg,id_2689
scene_1_02692.jpg,id_2692
scene_1_02707.jpg,id_2707
scene_1_02719.jpg,id_2719
scene_1_02720.jpg,id_2720
scene_1_02728.jpg,id_2728
scene_1_02735.jpg,id_2735
scene_1_02736.jpg,id_2736
scene_1_02753.jpg,id_2753
scene_1_02757.jpg,id_2757
scene_1_02777.jpg,id_2777
scene_1_02782.jpg,id_2782
scene_1_02784.jpg,id_2784
scene_1_02794.jpg,id_2794
scene_1_02805.jpg,id_2805
scene_1_02809.jpg,id_2809
scene_1_02811.jpg,id_2811
scene_1_02825.jpg,id_2825
scene_1_02829.jpg,id_2829
scene_1_02832.jpg,id_2832
scene_1_02868.jpg,id_2868
scene_1_02871.jpg,id_2871
scene_1_02878.jpg,id_2878
scene_1_02894.jpg,id_2894
scene_1_02910.jpg,id_2910
scene_1_02912.jpg,id_2912
scene_1_02918.jpg,id_2918
scene_1_02921.jpg,id_2921
scene_1_02927.jpg,id_2927
scene_1_02931.jpg,id_2931
scene_1_02940.jpg,id_2940
scene_1_02948.jpg,id_2948
scene_1_02949.jpg,id_2949
scene_1_02980.jpg,id_2980
scene_1_02993.jpg,id_2993
scene_1_02998.jpg,id_2998
scene_1_03017.jpg,id_3017
scene_1_03027.jpg,id_3027
scene_1_03028.jpg,id_3028
scene_1_03030.jpg,id_3030
scene_1_03040.jpg,id_3040
scene_1_03049.jpg,id_3049
scene_1_03053.jpg,id_3053
scene_1_03058.jpg,id_3058
scene_1_03077.jpg,id_3077
scene_1_03084.jpg,id_3084
scene_1_03094.jpg,id_3094
scene_1_03107.jpg,id_3107
scene_1_03120.jpg,id_3120
scene_1_03130.jpg,id_3130
scene_1_03132.jpg,id_3132
scene_1_03135.jpg,id_3135
scene_1_03138.jpg,id_3138
scene_1_03172.jpg,id_3172
scene_1_03180.jpg,id_3180
scene_1_03183.jpg,id_3183
scene_1_03186.jpg,id_3186
scene_1_03191.jpg,id_3191
scene_1_03203.jpg,id_3203
scene_1_03210.jpg,id_3210
scene_1_03213.jpg,id_3213
scene_1_03227.jpg,id_3227
scene_1_03230.jpg,id_3230
scene_1_03263.jpg,id_3263
scene_1_03264.jpg,id_3264
scene_1_03282.jpg,id_3282
scene_1_03289.jpg,id_3289
scene_1_03303.jpg,id_3303
scene_1_03307.jpg,id_3307
scene_1_03314.jpg,id_3314
scene_1_03319.jpg,id_3319
scene_1_03326.jpg,id_3326
scene_1_03332.jpg,id_3332
scene_1_03336.jpg,id_3336
scene_1_03342.jpg,id_3342
scene_1_03380.jpg,id_3380
scene_1_03386.jpg,id_3386
scene_1_03397.jpg,id_3397
scene_1_03409.jpg,id_3409
scene_1_03411.jpg,id_3411
scene_1_03413.jpg,id_3413
scene_1_03425.jpg,id_3425
scene_1_03435.jpg,id_3435
scene_1_03457.jpg,id_3457
scene_1_03468.jpg,id_3468
scene_1_03470.jpg,id_3470
scene_1_03472.jpg,id_3472
scene_1_03480.jpg,id_3480
scene_1_03497.jpg,id_3497
scene_1_03499.jpg,id_3499
scene_1_03502.jpg,id_3502
scene_1_03511.jpg,id_3511
scene_2_00015.jpg,id_3535
scene_2_00020.jpg,id_3540
scene_2_00021.jpg,id_3541
scene_2_00037.jpg,id_3557
scene_2_00039.jpg,id_3559
scene_2_00048.jpg,id_3568
scene_2_00056.jpg,id_3576
scene_2_00087.jpg,id_3607
scene_2_00094.jpg,id_3614
scene_2_00097.jpg,id_3617
scene_2_00107.jpg,id_3627
scene_2_00108.jpg,id_3628
scene_2_00110.jpg,id_3630
scene_2_00123.jpg,id_3643
scene_2_00140.jpg,id_3660
scene_2_00152.jpg,id_3672
scene_2_00159.jpg,id_3679
scene_2_00162.jpg,id_3682
scene_2_00173.jpg,id_3693
scene_2_00177.jpg,id_3697
scene_2_00183.jpg,id_3703
scene_2_00192.jpg,id_3712
scene_2_00197.jpg,id_3717
scene_2_00201.jpg,id_3721
scene_2_00204.jpg,id_3724
scene_2_00207.jpg,id_3727
scene_2_00214.jpg,id_3734
scene_2_00235.jpg,id_3755
scene_2_00240.jpg,id_3760
scene_2_00244.jpg,id_3764
scene_2_00265.jpg,id_3785
scene_2_00269.jpg,id_3789
scene_2_00274.jpg,id_3794
scene_2_00275.jpg,id_3795
scene_2_00287.jpg,id_3807
scene_2_00293.jpg,id_3813
scene_2_00294.jpg,id_3814
scene_2_00309.jpg,id_3829
scene_2_00317.jpg,id_3837
scene_2_00336.jpg,id_3856
scene_2_00343.jpg,id_3863
scene_2_00347.jpg,id_3867
scene_2_00349.jpg,id_3869
scene_2_00358.jpg,id_3878
scene_2_00370.jpg,id_3890
scene_2_00382.jpg,id_3902
scene_2_00394.jpg,id_3914
scene_2_00426.jpg,id_3946
scene_2_00435.jpg,id_3955
scene_2_00441.jpg,id_3961
scene_2_00458.jpg,id_3978
scene_2_00461.jpg,id_3981
scene_2_00483.jpg,id_4003
scene_2_00490.jpg,id_4010
scene_2_00508.jpg,id_4028
scene_2_00514.jpg,id_4034
scene_2_00517.jpg,id_4037
scene_2_00518.jpg,id_4038
scene_2_00524.jpg,id_4044
scene_2_00526.jpg,id_4046
scene_2_00540.jpg,id_4060
scene_2_00544.jpg,id_4064
scene_2_00545.jpg,id_4065
scene_2_00548.jpg,id_4068
scene_2_00563.jpg,id_4083
scene_2_00570.jpg,id_4090
scene_2_00581.jpg,id_4101
scene_2_00596.jpg,id_4116
scene_2_00599.jpg,id_4119
scene_2_00637.jpg,id_4157
scene_2_00647.jpg,id_4167
scene_2_00650.jpg,id_4170
scene_2_00654.jpg,id_4174
scene_2_00663.jpg,id_4183
scene_2_00667.jpg,id_4187
scene_2_00668.jpg,id_4188
scene_2_00672.jpg,id_4192
scene_2_00674.jpg,id_4194
scene_2_00691.jpg,id_4211
scene_2_00693.jpg,id_4213
scene_2_00701.jpg,id_4221
scene_2_00705.jpg,id_4225
scene_2_00708.jpg,id_4228
scene_2_00712.jpg,id_4232
scene_2_00721.jpg,id_4241
scene_2_00727.jpg,id_4247
scene_2_00729.jpg,id_4249
scene_2_00733.jpg,id_4253
scene_2_00750.jpg,id_4270
scene_2_00761.jpg,id_4281
scene_2_00765.jpg,id_4285
scene_2_00777.jpg,id_4297
scene_2_00781.jpg,id_4301
scene_2_00786.jpg,id_4306
scene_2_00793.jpg,id_4313
scene_2_00798.jpg,id_4318
scene_2_00808.jpg,id_4328
scene_2_00828.jpg,id_4348
scene_2_00832.jpg,id_4352
scene_2_00840.jpg,id_4360
scene_2_00844.jpg,id_4364
scene_2_00845.jpg,id_4365
scene_2_00859.jpg,id_4379
scene_2_00861.jpg,id_4381
scene_2_00862.jpg,id_4382
scene_2_00869.jpg,id_4389
scene_2_00881.jpg,id_4401
scene_2_00888.jpg,id_4408
scene_2_00890.jpg,id_4410
scene_2_00891.jpg,id_4411
scene_2_00894.jpg,id_4414
scene_2_00934.jpg,id_4454
scene_2_00949.jpg,id_4469
scene_2_00952.jpg,id_4472
scene_2_00964.jpg,id_4484
scene_2_00965.jpg,id_4485
scene_2_00988.jpg,id_4508
scene_2_00991.jpg,id_4511
scene_2_01012.jpg,id_4532
scene_2_01013.jpg,id_4533
scene_2_01025.jpg,id_4545
scene_2_01038.jpg,id_4558
scene_2_01055.jpg,id_4575
scene_2_01057.jpg,id_4577
scene_2_01059.jpg,id_4579
scene_2_01068.jpg,id_4588
scene_2_01086.jpg,id_4606
scene_2_01095.jpg,id_4615
scene_2_01099.jpg,id_4619
scene_2_01104.jpg,id_4624
scene_2_01127.jpg,id_4647
scene_2_01145.jpg,id_4665
scene_2_01151.jpg,id_4671
scene_2_01158.jpg,id_4678
scene_2_01160.jpg,id_4680
scene_2_01162.jpg,id_4682
scene_2_01166.jpg,id_4686
scene_2_01170.jpg,id_4690
scene_2_01181.jpg,id_4701
scene_2_01198.jpg,id_4718
scene_2_01202.jpg,id_4722
scene_2_01228.jpg,id_4748
scene_2_01237.jpg,id_4757
scene_2_01239.jpg,id_4759
scene_2_01243.jpg,id_4763
scene_2_01244.jpg,id_4764
scene_2_01246.jpg,id_4766
scene_2_01254.jpg,id_4774
scene_2_01257.jpg,id_4777
scene_2_01264.jpg,id_4784
scene_2_01276.jpg,id_4796
scene_2_01279.jpg,id_4799
scene_2_01287.jpg,id_4807
scene_2_01297.jpg,id_4817
scene_2_01299.jpg,id_4819
scene_2_01312.jpg,id_4832
scene_2_01316.jpg,id_4836
scene_2_01321.jpg,id_4841
scene_2_01323.jpg,id_4843
scene_2_01324.jpg,id_4844
scene_2_01327.jpg,id_4847
scene_2_01336.jpg,id_4856
scene_2_01341.jpg,id_4861
scene_2_01353.jpg,id_4873
scene_2_01357.jpg,id_4877
scene_2_01383.jpg,id_4903
scene_2_01387.jpg,id_4907
scene_2_01394.jpg,id_4914
scene_2_01405.jpg,id_4925
scene_2_01409.jpg,id_4929
scene_2_01411.jpg,id_4931
scene_2_01419.jpg,id_4939
scene_2_01420.jpg,id_4940
scene_2_01421.jpg,id_4941
scene_2_01447.jpg,id_4967
scene_2_01452.jpg,id_4972
scene_2_01453.jpg,id_4973
scene_2_01458.jpg,id_4978
scene_2_01459.jpg,id_4979
scene_2_01462.jpg,id_4982
scene_2_01490.jpg,id_5010
scene_2_01509.jpg,id_5029
scene_2_01535.jpg,id_5055
scene_2_01543.jpg,id_5063
scene_2_01544.jpg,id_5064
scene_2_01568.jpg,id_5088
scene_2_01571.jpg,id_5091
scene_2_01573.jpg,id_5093
scene_2_01581.jpg,id_5101
scene_2_01585.jpg,id_5105
scene_2_01593.jpg,id_5113
scene_2_01608.jpg,id_5128
scene_2_01628.jpg,id_5148
scene_2_01633.jpg,id_5153
scene_2_01641.jpg,id_5161
scene_2_01642.jpg,id_5162
scene_2_01644.jpg,id_5164
scene_2_01665.jpg,id_5185
scene_2_01667.jpg,id_5187
scene_2_01670.jpg,id_5190
scene_2_01689.jpg,id_5209
scene_2_01709.jpg,id_5229
scene_2_01711.jpg,id_5231
scene_2_01712.jpg,id_5232
scene_2_01732.jpg,id_5252
scene_2_01739.jpg,id_5259
scene_3_00034.jpg,id_5299
scene_3_00037.jpg,id_5302
scene_3_00050.jpg,id_5315
scene_3_00060.jpg,id_5325
scene_3_00079.jpg,id_5344
scene_3_00089.jpg,id_5354
scene_3_00091.jpg,id_5356
scene_3_00095.jpg,id_5360
scene_3_00103.jpg,id_5368
scene_3_00106.jpg,id_5371
scene_3_00126.jpg,id_5391
scene_3_00218.jpg,id_5483
scene_3_00335.jpg,id_5600
scene_3_00345.jpg,id_5610
scene_3_00356.jpg,id_5621
scene_3_00357.jpg,id_5622
scene_3_00376.jpg,id_5641
scene_3_00378.jpg,id_5643
scene_3_00381.jpg,id_5646
scene_3_00389.jpg,id_5654
scene_3_00393.jpg,id_5658
scene_3_00394.jpg,id_5659
scene_3_00395.jpg,id_5660
scene_3_00400.jpg,id_5665
scene_3_00407.jpg,id_5672
scene_3_00436.jpg,id_5701
scene_3_00437.jpg,id_5702
scene_3_00449.jpg,id_5714
scene_3_00454.jpg,id_5719
scene_3_00470.jpg,id_5735
scene_3_00482.jpg,id_5747
scene_3_00510.jpg,id_5775
scene_3_00520.jpg,id_5785
scene_3_00525.jpg,id_5790
scene_3_00526.jpg,id_5791
scene_3_00532.jpg,id_5797
scene_3_00540.jpg,id_5805
scene_3_00541.jpg,id_5806
scene_3_00551.jpg,id_5816
scene_3_00563.jpg,id_5828
scene_3_00594.jpg,id_5859
scene_3_00621.jpg,id_5886
scene_3_00627.jpg,id_5892
scene_3_00635.jpg,id_5900
scene_3_00644.jpg,id_5909
scene_3_00646.jpg,id_5911
scene_3_00664.jpg,id_5929
scene_3_00666.jpg,id_5931
scene_3_00672.jpg,id_5937
scene_3_00679.jpg,id_5944
scene_3_00682.jpg,id_5947
scene_3_00692.jpg,id_5957
scene_3_00700.jpg,id_5965
scene_3_00711.jpg,id_5976
scene_3_00743.jpg,id_6008
scene_3_00745.jpg,id_6010
scene_3_00748.jpg,id_6013
scene_3_00756.jpg,id_6021
scene_3_00758.jpg,id_6023
scene_3_00809.jpg,id_6074
scene_3_00815.jpg,id_6080
scene_3_00823.jpg,id_6088
scene_3_00824.jpg,id_6089
scene_3_00828.jpg,id_6093
scene_3_00837.jpg,id_6102
scene_3_00842.jpg,id_6107
scene_3_00847.jpg,id_6112
scene_3_00873.jpg,id_6138
scene_3_00881.jpg,id_6146
scene_3_00882.jpg,id_6147
scene_3_00885.jpg,id_6150
scene_3_00899.jpg,id_6164
scene_3_00918.jpg,id_6183
scene_3_00931.jpg,id_6196
scene_3_00944.jpg,id_6209
scene_3_00952.jpg,id_6217
scene_3_00962.jpg,id_6227
scene_3_00976.jpg,id_6241
scene_3_00982.jpg,id_6247
scene_3_00996.jpg,id_6261
scene_3_00998.jpg,id_6263
scene_3_01004.jpg,id_6269
scene_3_01007.jpg,id_6272
scene_3_01008.jpg,id_6273
scene_3_01010.jpg,id_6275
scene_3_01013.jpg,id_6278
scene_3_01014.jpg,id_6279
scene_3_01015.jpg,id_6280
scene_3_01024.jpg,id_6289
scene_3_01028.jpg,id_6293
scene_3_01032.jpg,id_6297
scene_3_01037.jpg,id_6302
scene_3_01053.jpg,id_6318
scene_3_01057.jpg,id_6322
scene_3_01064.jpg,id_6329
scene_3_01073.jpg,id_6338
scene_3_01082.jpg,id_6347
scene_3_01086.jpg,id_6351
scene_3_01088.jpg,id_6353
scene_3_01105.jpg,id_6370
scene_3_01132.jpg,id_6397
scene_3_01140.jpg,id_6405
scene_3_01146.jpg,id_6411
scene_3_01154.jpg,id_6419
scene_3_01160.jpg,id_6425
scene_3_01165.jpg,id_6430
scene_3_01176.jpg,id_6441
scene_3_01186.jpg,id_6451
scene_3_01199.jpg,id_6464
scene_3_01209.jpg,id_6474
scene_3_01221.jpg,id_6486
scene_3_01222.jpg,id_6487
scene_3_01226.jpg,id_6491
scene_3_01229.jpg,id_6494
scene_3_01236.jpg,id_6501
scene_3_01240.jpg,id_6505
scene_3_01242.jpg,id_6507
scene_3_01243.jpg,id_6508
scene_3_01250.jpg,id_6515
scene_3_01256.jpg,id_6521
scene_3_01260.jpg,id_6525
scene_3_01279.jpg,id_6544
scene_3_01282.jpg,id_6547
scene_3_01284.jpg,id_6549
scene_3_01297.jpg,id_6562
scene_3_01298.jpg,id_6563
scene_3_01307.jpg,id_6572
scene_3_01315.jpg,id_6580
scene_3_01318.jpg,id_6583
scene_3_01331.jpg,id_6596
scene_3_01333.jpg,id_6598
scene_3_01335.jpg,id_6600
scene_3_01341.jpg,id_6606
scene_3_01344.jpg,id_6609
scene_3_01348.jpg,id_6613
scene_3_01354.jpg,id_6619
scene_3_01361.jpg,id_6626
scene_3_01363.jpg,id_6628
scene_3_01376.jpg,id_6641
scene_3_01378.jpg,id_6643
scene_3_01389.jpg,id_6654
scene_3_01396.jpg,id_6661
scene_3_01398.jpg,id_6663
scene_3_01405.jpg,id_6670
scene_3_01419.jpg,id_6684
scene_3_01421.jpg,id_6686
scene_3_01423.jpg,id_6688
scene_3_01433.jpg,id_6698
scene_3_01434.jpg,id_6699
scene_3_01435.jpg,id_6700
scene_3_01448.jpg,id_6713
scene_3_01452.jpg,id_6717
scene_3_01460.jpg,id_6725
scene_3_01468.jpg,id_6733
scene_3_01477.jpg,id_6742
scene_3_01480.jpg,id_6745
scene_3_01482.jpg,id_6747
scene_3_01484.jpg,id_6749
scene_3_01487.jpg,id_6752
scene_3_01491.jpg,id_6756
scene_3_01498.jpg,id_6763
scene_3_01501.jpg,id_6766
scene_3_01503.jpg,id_6768
scene_3_01508.jpg,id_6773
scene_3_01517.jpg,id_6782
scene_3_01532.jpg,id_6797
scene_3_01534.jpg,id_6799
scene_3_01536.jpg,id_6801
scene_3_01542.jpg,id_6807
scene_3_01545.jpg,id_6810
scene_3_01550.jpg,id_6815
scene_3_01552.jpg,id_6817
scene_3_01557.jpg,id_6822
scene_3_01559.jpg,id_6824
scene_3_01565.jpg,id_6830
scene_3_01581.jpg,id_6846
scene_3_01582.jpg,id_6847
scene_3_01583.jpg,id_6848
scene_3_01602.jpg,id_6867
scene_3_01619.jpg,id_6884
scene_3_01625.jpg,id_6890
scene_3_01638.jpg,id_6903
scene_3_01639.jpg,id_6904
scene_3_01645.jpg,id_6910
scene_3_01648.jpg,id_6913
scene_3_01655.jpg,id_6920
scene_3_01658.jpg,id_6923
scene_3_01659.jpg,id_6924
scene_3_01683.jpg,id_6948
scene_3_01691.jpg,id_6956
scene_3_01693.jpg,id_6958
scene_3_01696.jpg,id_6961
scene_3_01697.jpg,id_6962
scene_3_01707.jpg,id_6972
scene_3_01740.jpg,id_7005
scene_3_01749.jpg,id_7014
scene_3_01755.jpg,id_7020
scene_3_01774.jpg,id_7039
scene_3_01785.jpg,id_7050
scene_3_01791.jpg,id_7056
scene_3_01795.jpg,id_7060
scene_3_01798.jpg,id_7063
scene_3_01804.jpg,id_7069
scene_3_01809.jpg,id_7074
scene_3_01824.jpg,id_7089
scene_3_01842.jpg,id_7107
scene_4_00001.jpg,id_7114
scene_4_00033.jpg,id_7146
scene_4_00036.jpg,id_7149
scene_4_00041.jpg,id_7154
scene_4_00046.jpg,id_7159
scene_4_00048.jpg,id_7161
scene_4_00056.jpg,id_7169
scene_4_00063.jpg,id_7176
scene_4_00065.jpg,id_7178
scene_4_00067.jpg,id_7180
scene_4_00068.jpg,id_7181
scene_4_00075.jpg,id_7188
scene_4_00099.jpg,id_7212
scene_4_00108.jpg,id_7221
scene_4_00129.jpg,id_7242
scene_4_00137.jpg,id_7250
scene_4_00148.jpg,id_7261
scene_4_00152.jpg,id_7265
scene_4_00160.jpg,id_7273
scene_4_00161.jpg,id_7274
scene_4_00181.jpg,id_7294
scene_4_00184.jpg,id_7297
scene_4_00193.jpg,id_7306
scene_4_00199.jpg,id_7312
scene_4_00200.jpg,id_7313
scene_4_00203.jpg,id_7316
scene_4_00219.jpg,id_7332
scene_4_00220.jpg,id_7333
scene_4_00231.jpg,id_7344
scene_4_00237.jpg,id_7350
scene_4_00245.jpg,id_7358
scene_4_00248.jpg,id_7361
scene_4_00255.jpg,id_7368
scene_4_00272.jpg,id_7385
scene_4_00275.jpg,id_7388
scene_4_00283.jpg,id_7396
scene_4_00292.jpg,id_7405
scene_4_00321.jpg,id_7434
scene_4_00329.jpg,id_7442
scene_4_00333.jpg,id_7446
scene_4_00336.jpg,id_7449
scene_4_00337.jpg,id_7450
scene_4_00346.jpg,id_7459
scene_4_00368.jpg,id_7481
scene_4_00374.jpg,id_7487
scene_4_00379.jpg,id_7492
scene_4_00399.jpg,id_7512
scene_4_00406.jpg,id_7519
scene_4_00408.jpg,id_7521
scene_4_00413.jpg,id_7526
scene_4_00415.jpg,id_7528
scene_4_00419.jpg,id_7532
scene_4_00421.jpg,id_7534
scene_4_00431.jpg,id_7544
scene_4_00439.jpg,id_7552
scene_4_00452.jpg,id_7565
scene_4_00464.jpg,id_7577
scene_4_00465.jpg,id_7578
scene_4_00478.jpg,id_7591
scene_4_00494.jpg,id_7607
scene_4_00499.jpg,id_7612
scene_4_00504.jpg,id_7617
scene_4_00514.jpg,id_7627
scene_4_00521.jpg,id_7634
scene_4_00539.jpg,id_7652
scene_4_00543.jpg,id_7656
scene_4_00545.jpg,id_7658
scene_4_00553.jpg,id_7666
scene_4_00556.jpg,id_7669
scene_4_00558.jpg,id_7671
scene_4_00562.jpg,id_7675
scene_4_00565.jpg,id_7678
scene_4_00570.jpg,id_7683
scene_4_00571.jpg,id_7684
scene_4_00613.jpg,id_7726
scene_4_00617.jpg,id_7730
scene_4_00632.jpg,id_7745
scene_4_00633.jpg,id_7746
scene_4_00641.jpg,id_7754
scene_4_00642.jpg,id_7755
scene_4_00643.jpg,id_7756
scene_4_00644.jpg,id_7757
scene_4_00645.jpg,id_7758
scene_4_00646.jpg,id_7759
scene_4_00647.jpg,id_7760
scene_4_00648.jpg,id_7761
scene_4_00649.jpg,id_7762
scene_4_00650.jpg,id_7763
scene_4_00651.jpg,id_7764
scene_4_00652.jpg,id_7765
scene_4_00653.jpg,id_7766
scene_4_00654.jpg,id_7767
scene_4_00655.jpg,id_7768
scene_4_00656.jpg,id_7769
scene_5_00009.jpg,id_7778
scene_5_00012.jpg,id_7781
scene_5_00014.jpg,id_7783
scene_5_00019.jpg,id_7788
scene_5_00021.jpg,id_7790
scene_5_00024.jpg,id_7793
scene_5_00032.jpg,id_7801
scene_5_00037.jpg,id_7806
scene_5_00038.jpg,id_7807
scene_5_00052.jpg,id_7821
scene_5_00062.jpg,id_7831
scene_5_00075.jpg,id_7844
scene_5_00088.jpg,id_7857
scene_5_00093.jpg,id_7862
scene_5_00100.jpg,id_7869
scene_5_00108.jpg,id_7877
scene_5_00113.jpg,id_7882
scene_5_00125.jpg,id_7894
scene_5_00139.jpg,id_7908
scene_5_00172.jpg,id_7941
scene_5_00180.jpg,id_7949
scene_5_00190.jpg,id_7959
scene_5_00191.jpg,id_7960
scene_5_00218.jpg,id_7987
scene_5_00219.jpg,id_7988
scene_5_00240.jpg,id_8009
scene_5_00246.jpg,id_8015
scene_5_00258.jpg,id_8027
scene_5_00274.jpg,id_8043
scene_5_00294.jpg,id_8063
scene_5_00325.jpg,id_8094
scene_5_00326.jpg,id_8095
scene_5_00332.jpg,id_8101
scene_5_00349.jpg,id_8118
scene_5_00358.jpg,id_8127
scene_5_00368.jpg,id_8137
scene_5_00369.jpg,id_8138
scene_5_00375.jpg,id_8144
scene_5_00376.jpg,id_8145
scene_5_00382.jpg,id_8151
scene_5_00385.jpg,id_8154
scene_5_00400.jpg,id_8169
scene_5_00401.jpg,id_8170
scene_5_00406.jpg,id_8175
scene_5_00408.jpg,id_8177
scene_5_00434.jpg,id_8203
scene_5_00442.jpg,id_8211
scene_5_00444.jpg,id_8213
scene_5_00455.jpg,id_8224
scene_5_00458.jpg,id_8227
scene_5_00460.jpg,id_8229
scene_5_00466.jpg,id_8235
scene_5_00467.jpg,id_8236
scene_5_00474.jpg,id_8243
scene_5_00475.jpg,id_8244
scene_5_00480.jpg,id_8249
scene_5_00485.jpg,id_8254
scene_5_00486.jpg,id_8255
scene_5_00488.jpg,id_8257
scene_5_00492.jpg,id_8261
scene_5_00502.jpg,id_8271
scene_5_00508.jpg,id_8277
scene_5_00510.jpg,id_8279
scene_5_00511.jpg,id_8280
scene_5_00528.jpg,id_8297
scene_5_00534.jpg,id_8303
scene_5_00542.jpg,id_8311
scene_5_00545.jpg,id_8314
